Mkey	Label	MUrl
+A0ohq6cujhqlg	1	http://amc.seoul.kr/asan/file/imageView.do?fileId=F000000038970_YGleZJ
+A2kB1K7Hl5h5A	1	https://i1.wp.com/mygbgvlife.com/wp-content/uploads/2015/04/GBGV-Worn-out.jpg?fit=300%2C300&ssl=1
+A5OWsjs3fbHTQ	1	http://i948.photobucket.com/albums/ad325/bladeseeker666/bandwagon.png?t=1287573594
+A69yfkX28XqIw	1	https://i.pinimg.com/736x/2b/22/5e/2b225ebce97b9821a49b1ec8adf14e2b.jpg
+A6QeaBa16LpHg	1	https://image.isu.pub/140402124117-3a55d414651ae325049dbf651b6488de/jpg/page_16_thumb_large.jpg
+A7670pV1YKWSg	1	http://1.bp.blogspot.com/-laxj7bzzaf0/U6CxDz7EjuI/AAAAAAAADfs/iZWT7-QBdrM/s1600/mahou3.jpg
+AGc2SAunxEYpw	1	https://i.pinimg.com/originals/26/9c/a7/269ca76c06541ec0375f8ebcebebd91a.jpg
+AH4uqlKtnGsEA	1	http://4.bp.blogspot.com/-FeueDFyuWLU/Ur3J866zIxI/AAAAAAAABX8/7ph4FyiTvDo/s1600/bor.jpg
+AXG61Enrka1Vw	1	http://www.combi.co.kr/site/_data/_editor/banana_02.jpg
+BBvT7BTIrU1Kw	1	http://4.bp.blogspot.com/_ydrV5YBkAdQ/TRIpkG3gWAI/AAAAAAAABOc/Niyj3gl3MUI/s640/Portfolio+2010+Pages+22DEC10_Page_07.png
+BfxThk77L1+sg	1	https://rcdn.rolloid.net/uploads/2016/11/22-increibles-productos-de-amazon-para-incluir-en-tu-lista-de-deseos-1479665741.jpg
+BfxWNEdo6JTfQ	1	http://jasonriley.com/wp-content/uploads/2017/02/Screen-Shot-2017-02-23-at-8.42.11-AM.png
+BhjdMPQrXtorA	1	https://i.pinimg.com/originals/e9/0d/c2/e90dc2183b829ee3be9793908332a968.png
+Bka0Fz8q6mjEg	1	http://cricpur.com/wp-content/uploads/2018/08/cricpur-16-6.jpg
+BN0ZN3BDUBFPg	1	http://www.amazinginteriordesign.com/wp-content/uploads/2015/04/144-300x213.jpg
+BOrl3tbb0KbCw	1	https://tr-images.condecdn.net/image/eZQOw9OedLe/crop/400/square/f/bangkok.jpg
+Bp5QSjiPI8MPw	1	https://i.etsystatic.com/13324897/d/il/fe706e/2072877077/il_340x270.2072877077_bq69.jpg?version=0
+Brhd5KuHckS2Q	1	https://24.media.tumblr.com/tumblr_mdrjsaUflX1qzabkfo1_500.png
+Bs1DZDCo9lsIg	1	http://keyassets-p2.timeincuk.net/wp/prod/wp-content/uploads/sites/48/2015/10/miranda-kerr-dakota-johnson-3.gif
+Bt+8QnollB9MA	1	https://file.mk.co.kr/meet/neds/2018/01/image_readtop_2018_65628_15172031633188122.jpg
+BzMC+1+wEz9yQ	1	http://2.bp.blogspot.com/_ZE8klwNHJfA/SjRq6a4OeuI/AAAAAAAABms/EpGrfC9Myh8/s320/75+ebay+stage.jpg
+C2yUSjyVaHZ0g	1	https://i.etsystatic.com/9907761/d/il/fdc4cd/978846834/il_340x270.978846834_7t5l.jpg?version=0
+C65P4x1LFtEHg	1	http://images.myshared.ru/4/49292/slide_13.jpg
+C6GZZ2bK1dFfQ	1	http://3.bp.blogspot.com/_PQ8xuwOyQ_8/TI1GdpKpVZI/AAAAAAAAAOo/zlJpDHBbbf8/s400/2.jpg
+CCKIDwC6UrABQ	1	https://i.etsystatic.com/5717787/r/il/ed078c/1691384490/il_1588xN.1691384490_fknf.jpg
+CElXcw59qUgeQ	1	https://c1.staticflickr.com/5/4248/35421468935_fd87efaf39_o.jpg
+CfFkXvdful+kw	1	https://i.pinimg.com/236x/99/bd/cb/99bdcb5420f040a40ba27e29ffcbad50--gravity-zero.jpg
+CI1HgFBNB8Zug	1	https://image.slidesharecdn.com/onboarding-150827100611-lva1-app6892/95/onboarding-users-on-to-your-app-15-638.jpg?cb=1450611527
+CKSCZXRlgtRmA	1	https://almaghribialyaoum.com/wp-content/uploads/2020/06/usa.jpeg
+CQ28NT+x5W11Q	1	https://www.thisrepresents.com/download-file.php?file=651_disc%2Binteriors%2Bluxe%2Bjuly%2B2016%2Bnature%2Bmade-1.jpg
+Cxws82LSyPUOA	1	http://4.bp.blogspot.com/_pYTHxxbE_Ts/TP-maNW-2wI/AAAAAAAAAac/6M1m4EEcWls/w1200-h630-p-k-no-nu/Namnl%25C3%25B6st-1_redigerad-1.jpg
+CYdVH3mHLzMCw	1	http://media-cache-ec0.pinimg.com/736x/67/81/0b/67810b3d4d1757b654e7639bf1f6af65.jpg
+DOYuwc+XNU0uA	1	https://i.pinimg.com/originals/b3/3a/a0/b33aa0521b8aae4e3f8d13e572f02f45.png
+DTjnz+qcEZLRQ	1	https://1.bp.blogspot.com/-5FRIyxwvW6Y/UybjQ3CQhfI/AAAAAAAAC3Q/loy9GDr2xxE/s280/artificial++vs.+natural+selection.png
+E6Cw8noOUaJ4A	1	http://3.bp.blogspot.com/-7crHEnsOF6s/Vk2Jf-5qjBI/AAAAAAAAUvw/5iD1MiqkLoA/s1600/Bruges-collage-1.jpg
+Eap7RyrA8w6hg	1	https://www.usphysiomed.com/wp-content/uploads/2019/08/Sexual-Health-Matter.jpg
+EcLVXwKHGitmQ	1	http://1.bp.blogspot.com/_Ifc1ujyQhDk/ScVoZ-BqwJI/AAAAAAAAAFI/JBzZ4E8sdu0/w1200-h630-p-k-no-nu/_MG_7096_006.jpg
+EdjkSn1SCgDCA	1	https://image.slidesharecdn.com/1c1d31f2-86d9-481c-b453-f61d0611050e-150413152908-conversion-gate01/95/aprialewilliamshow-to-prepare-for-a-successful-home-sale-9-1024.jpg?cb=1428939303
+Ee2qY0gjuSd8w	1	https://s-media-cache-ak0.pinimg.com/216x146/0e/0c/f8/0e0cf881d73b3411251bdad6e7d492e8.jpg
+EgZrm73Zy9REg	1	https://static.iphoneitalia.com/wp-content/uploads/2010/12/kit_automobilista_iphoneitalia-414x310.jpg
+EJ13LaOAX55PA	1	https://cdn.obriencg.com/wp-content/uploads/2017/03/TL-201705-400x284.jpg
+EM2VHX+GqAoSQ	1	http://static.boredpanda.com/blog/wp-content/uploads/2016/09/amazing-modern-japanese-architecture-25-57e2806dd3871__880.jpg
+EMz6dikERd99g	1	https://preview.redd.it/yikc9fv98bl41.jpg?auto=webp&s=026bc5b6cba5509f790ad55713814dabe3437699
+ER+GtydTVfpdA	1	https://shopping.c.yimg.jp/lib/puick/img59910446.jpg
+EtYlLLkDwnORw	1	http://i0.kym-cdn.com/photos/images/facebook/001/177/853/c60.png
+EWeiC3OK63+Nw	1	http://4.bp.blogspot.com/-eT-YpzNVSD4/Tib5QOrYhSI/AAAAAAAAC5Y/5TINyXzHF50/s1600/Picture+13.png
+F2lq93VLtBA+w	1	http://www.alehin.com/img/process/technotaz/technotaz-process-11.jpg
+F6XXVvNu+tWHQ	1	http://www.fergssportsbar.com/wp-content/uploads/tampa-bay-rays-schedule.png
+FTuyafQ2bFuow	1	https://img1.etsystatic.com/058/0/10125488/il_340x270.719810011_8h4t.jpg
+GjBb7vFoxIpFg	1	https://o.aolcdn.com/images/dims3/GLOB/crop/1194x627+4+0/resize/1200x630!/format/jpg/quality/85/http:%2F%2Fo.aolcdn.com%2Fhss%2Fstorage%2Fmidas%2F3241e3afb89fa61c85e3dbadb6e6614b%2F205247167%2FFB.jpg
+GVaRur4dTKBTA	1	https://66.media.tumblr.com/a051e628a510c9efc3b17f4e4d136e19/tumblr_nxvtkdrnt41ry5esko1_1280.jpg
+HAjvTmT5LIstA	1	https://s3.envato.com/files/165025521/Preview/Slide-00087.JPG
+HD8ZPGKoDDjAw	1	https://i.pinimg.com/736x/99/60/c4/9960c455953097f24866e6503c992c7c.jpg
+HILHzcZTeQILA	1	https://competitions-ie.s3.amazonaws.com/B46j66GIcAAY9W7.png
+Hlx56mPuFNlgw	1	https://4.bp.blogspot.com/-a7JcGl93Ft4/Vzw8URILZ1I/AAAAAAAAMks/wFDPUHlAg3cTeFTFi62teJKQJ9Mk0yxJgCKgB/s1600/Socke%2BNo%2B2%2BCollage%2B2.1.jpg
+HwIEfWlLaibcA	1	https://www.lanacion.com.co/wp-content/uploads/2021/04/SUICIDIO-EN-LA-JAGUA.jpg
+Ijczi9CbAQC5g	1	https://lh6.googleusercontent.com/proxy/cXx0uVPwYwC25COQENSegF1r3HQPqNy9heVBYe0rbQO-s3CjD9h8kMSESUbNPbhCZ65eLJjMuUI3iXbriRMMWME5EZcL-dWjJh_Ty--xLLK7vOuLXlXlhz0AeNvjz3KRYOU0er9Bbb0=s0-d
+J7ubBT0bc9Zww	1	https://i.pinimg.com/originals/39/4f/65/394f6548a38aec553e081ac12e58b15f.png
+K5VNsBgtJltTg	1	https://image.slidesharecdn.com/cathymcateeskidsquotespresentation-150409105303-conversion-gate01/95/growing-up-with-zipgrow-the-3rd-grade-3-638.jpg?cb=1428581111
+KeOW534ToAvJg	1	https://www.findatopdoc.com/var/fatd/storage/images/healthy-living/cystic-fibrosis-stories-stronger-scars/3806245-1-eng-US/Cystic-Fibrosis-Stories-Stronger-Because-of-their-Scars_article_main.jpg
+KJqZlxPsY4tVw	1	https://tr-static.eodev.com/files/d13/7a417d220d09b3f8637c09160a32d122.jpg
+L0DiG+9xPRfAg	1	http://4.bp.blogspot.com/-dK-Z-xpfYhE/VjZRwkn71jI/AAAAAAAALZw/Pigc0nF6Nqg/s1600/Meesha.jpg
+LVRJWIt1bdF3w	1	https://i.pinimg.com/originals/f7/26/27/f726272865400709b5a8072388916cd2.jpg
+M+5ebQ8oJKAMA	1	http://hyperspeed.pro/images/hentaimanga.pro/galleries/2/915/15_247.jpg
+M9n7pN2XWUL1w	1	https://4.bp.blogspot.com/-nwMmr6f5BWs/WO5_VkchKaI/AAAAAAAASFY/rdvmC2YIl0odZz5a_hChZk115iDlT_H_ACLcB/w1200-h630-p-k-no-nu/1.jpg
+MeCEuLI+Rne1g	1	http://farm6.static.flickr.com/5167/5228753432_c9c83ea347_b.jpg
+MNTPXU+fvYxTw	1	https://i.pinimg.com/736x/a8/46/f4/a846f4a45a666dbd45effb33ce300737.jpg
+Ms3pM5Px8o0QQ	1	http://4.bp.blogspot.com/-SHUDYgiL9_s/UvZaA8hebOI/AAAAAAAAEok/TvbTz6qmS2w/s1600/cats.jpg
+N7wO8efGTEKzQ	1	https://pre00.deviantart.net/7cd1/th/pre/f/2016/037/3/d/doodles_from_hell_3_by_pikokko-d9qs4at.png
+NBXvkChWnGdHw	1	https://img.mako.co.il/2013/08/28/collages9_g.jpg
+NeNnc03XK8mPA	1	https://dynamic.decorrespondent.nl/media/94/5499687e35fb92366246906.png
+O8eHqR9kI4WWA	1	http://i83.photobucket.com/albums/j292/dancingbeauty124/apartment ideas/craft projects/5_zpsba42032a.jpg
+ODGQ6xE97TO8A	1	https://f1000researchdata.s3.amazonaws.com/manuscripts/223/f1d671af-ea3f-4f68-b2a8-5da284f4d2c1_figure3.gif
+P5JOFxV8ReXRg	1	https://fashionweekdaily.com/wp-content/uploads/2019/12/LEAD-2-300x200.jpg
+PCsW8M7we3olQ	1	https://www.boho-weddings.com/wp-content/uploads/2016/06/38-Winter-Wonderland-Tipi-Wedding-By-Coastal-Tents-and-Thomas-Alexander.jpg
+PfmC+HbHHVirg	1	https://www.sakhtemoon.com/filemanager/companycontent/10605/product/newprimage2139712131065.jpg
+PlIU1Zp4U9D6w	1	https://gerhildemaakt.be/wp-content/uploads/2017/08/Mandela-Kopenhagen-150x150.jpg
+POOygDgAY6drA	1	http://2.bp.blogspot.com/-Rdc05Swxzj0/UzLRJikIb1I/AAAAAAAAAJY/anrzhfld4lI/s1600/subir.png
+PvuuloIRFsCgQ	1	https://cdn.acidcow.com/pics/20100301/fun_with_additions_12.jpg
0A5XR3MwB5aIKw	1	https://i.f1g.fr/media/madame/1900x1900/sites/default/files/img/2016/12/mariage-patrick-adams-troian-bellisario.jpg
0Aj5yl6HCO0zZw	1	http://4.bp.blogspot.com/-KsGAWgLxMGo/UMGOeYbTJII/AAAAAAAAAQs/NW-oyCExUmo/s1600/downiejason.jpg
0Ax0w8Cb3wIveQ	1	https://freight.cargo.site/t/original/i/d62b1f1fd82bd2da8665e64d3c14c68642934d345223db8246124d714356755c/PEPE-WEB-READY15.jpg
0B42PuAFcEFrBg	1	https://3.bp.blogspot.com/-nF_vcnMk-6M/WbCgZejJl-I/AAAAAAAAbO0/y7z6pVLJzjIHbOudD8mvi-DNMjhrMl4ngCLcBGAs/s1600/IMG_0106.JPG
0BR1wnOBofJtoA	1	https://i.etsystatic.com/8321448/r/il/bab079/2324678347/il_fullxfull.2324678347_7z3q.jpg
0BT85fuLTFBWSw	1	http://i617.photobucket.com/albums/tt260/sunroadauto/Pumpkin.jpg
0CDAXvef28PaTg	1	https://www.das-photo-booth.de/grafiken/niederrhein/photo_booth_mieten_Duesseldorf.jpg
0DAXPPgiC68C2Q	1	http://3.bp.blogspot.com/-UESRd_IoibE/VQCLuv9vRpI/AAAAAAAAKhg/npWrmOv4tGM/w1200-h630-p-k-no-nu/March%2Bcolor%2Bscheme.jpg
0DjHFLSwLTdU4A	1	https://lotz.nl/wp-content/uploads/2016/09/Voorstel-valK-EERSTE-ONTWERP-INCL-3D_Pagina_16.jpg
0Dq39tq+UCi3xw	1	http://stevegoodmanbiography.com/images/2007-May-June-composite.jpg
0EHimjZ2N8mDJw	1	https://66.media.tumblr.com/2cbeff047986009e9ceb3d18ef8f3b5a/tumblr_oe2wps5ymL1qas1mto9_r2_1280.jpg
0Eu0oE6+kLnBGg	1	https://i.pinimg.com/originals/7d/1c/11/7d1c11fef8e900c3559b600d5aee8b9d.jpg
0EwQdDWeSLMIiA	1	https://i.pinimg.com/736x/10/b5/54/10b5541d5b047c855f3774a59558b4ac--mystic-messenger-jaehee-bad-habits.jpg
0F0BJjIApzfcDw	1	https://3.bp.blogspot.com/-eXKxoxyMGFs/Wkh_wYUCOZI/AAAAAAAAEec/6QqxaLrsKAQADBXq_7K_c0lzQ-RBEAlBQCLcBGAs/s640/R%25C3%25BCckblick%2B2017%2B%25283%2529.JPEG
0FhgH9bKgFepdQ	1	http://i0.kym-cdn.com/photos/images/masonry/000/840/816/b57.jpg
0Fjgu9USSzT1zQ	1	https://best-photoshop.ru/uploads/posts/2017-11/1510547155_ultra-hd-3840x2160-wallpaper-pack-182.jpg
0FLwkEHQTF+nIw	1	http://40.media.tumblr.com/ff53ff5b1e568f742d300632961dd851/tumblr_nlc5fyPkgV1qcm6pjo1_500.png
0FoE5NyZgaUwrA	1	https://p0.storage.canalblog.com/07/79/579390/90017759_o.jpg
0GhENrQA5opoiQ	1	https://s-media-cache-ak0.pinimg.com/236x/62/01/89/620189062ba45a9e63bb99de87411107--choker-necklaces-charm-necklaces.jpg
0GrCqS7OgMHkhA	1	http://www.indusladies.com/wp/wp-content/uploads/2014/08/bungie640x455-300x213.jpg
0Gtp70gur0IMbw	1	https://media1.popsugar-assets.com/files/thumbor/5vnZ0CL37BD9ps6RAfHTfArxCmA/fit-in/1200x630/filters:format_auto-!!-:strip_icc-!!-:fill-!white!-/2016/02/16/548/n/1922564/1f982ac42a92d707_DSC06006/i/New-York-Fashion-Week.jpg
0Gvt+YPfi1o72w	1	http://www.baskerville.it/libri/bart/rubini_takethecagetrain.jpg
0H8IVAs22CHGhg	1	http://3.bp.blogspot.com/-8_vMDt9PRNI/UXb_iKpLyvI/AAAAAAAAAM8/rzFHXQejpf4/s400/Idecollage.jpg
0HGa4s+SVvqIXA	1	https://78.media.tumblr.com/a7ede73ab54e0dcad8f89fec17396c46/tumblr_org58eZaaP1vznrn9o1_500.png
0Hq2vOintynXDg	1	https://www.superdecorations.com/24864-home_default/control-waterproof-christmas-decorations-ce18gdgl4c5.jpg
0J9+Ly8nNW3MFQ	1	https://www.judithsfreshlook.com/wp-content/uploads/2021/02/Fresh-Look-Photography_Realtor-Personal-Branding-Session_0007-768x617.jpg
0JlHj6VN64iPHQ	1	https://blog.giallozafferano.it/pattyeisuoipiatti/wp-content/uploads/2017/03/1-15-960x480.jpg
0Jo4O0kBa08hoA	1	https://www.guide4moms.com/wp-content/uploads/2020/11/Covid-Vaccine-Memes-6-768x512.jpg
0Ke9sJBrSEvGAw	1	http://www.portergeo.com.au/tours/orientgold2007/album/orientgold2007pic21b.jpg
0KRwupdH3iwe8Q	1	https://i.pinimg.com/736x/87/32/1a/87321a87f229ba0aef9a8549effd7693.jpg
0LapBEXvGm80Yw	1	http://highburywildlifegarden.org.uk/wp-content/uploads/2013/03/FRIEZE-GPk-Meadow.jpg
0MnrM3UROe0dBQ	1	http://www.spoonforkbacon.com/wordpress/wp-content/uploads/2014/10/pork_2-800x266.jpg
0No9djuiBsaDQg	1	https://www.birmingham.ac.uk/Images/College-EPS-only/community-student/Societies/railsoc/2020/virtual-rail-and-canal-tour.jpg
0NZHFrZtp84bwg	1	https://honda-tech.com/forums/attachments/hybrid-engine-swaps-18/324591d1370144721-b18c-swap-no-spark-image.jpg
0O9+WgIqcAUiYQ	1	https://i.pinimg.com/originals/54/d8/33/54d833678050a36df74e326795ab1a7c.jpg
0P6TmhGHZ0yetQ	1	http://4.bp.blogspot.com/-vtoQ8l1VCuo/VQJ2eTm28kI/AAAAAAAAB4o/TLCXF9nhBws/s1600/IMG_8978.JPG
0PeqYcUL7q03jQ	1	https://blog.spoonflower.com/wp-content/uploads/2019/04/SpoonflowerBlog-Cecilia-2-768x461.jpg
2A12yFSKpVZMYQ	1	https://img.ifunny.co/images/cc608d366fe6b1642592965ed11d7938752081e5165308bb6eab5d54f17f97c4_1.jpg
2AAcC5zAf6fc6g	1	https://s-media-cache-ak0.pinimg.com/236x/51/ec/99/51ec993a4d101b4fd90e1f8e07e80a41.jpg
2BoZ9PvffmyPoA	1	http://2.bp.blogspot.com/-GIBejimt8DI/U4vEcuCFFpI/AAAAAAAAKgk/z2OSzw5k7rc/s1600/ad6.jpg
2CtcHTF8ir4NGg	1	https://2.bp.blogspot.com/-K5ak12DRnp0/VVYJ-zhJ4_I/AAAAAAAANbg/pycmmD-epkk/s640/alice_solantania_saga_new_york.JPG
2CzK061csdOiPg	1	http://hbimg.b0.upaiyun.com/697118395c1b5deebb31f9814740cca0ba74b6b0511cd-robhIu_fw658
2FYGjDxX58zfyg	1	http://bigpicture.ru/wp-content/uploads/2011/11/BIGPIC86.jpg
2HBcvNj9qyDwQg	1	http://s3.amazonaws.com/hungry-girl/uploads/question_image/591/EEmily3_web.png
2Hp+rECP59SxVg	1	http://img.thrfun.com/img/016/860/making_the_songbook_l.jpg
2IcGXqopd6ELsg	1	https://lookatwhatimade.net/wp-content/uploads/2017/06/My-Story-Shawl-150x150.jpg
2JXq5zT+hQbV7A	1	http://2.bp.blogspot.com/-i2LeM9RmCX8/UzSMNCi5RgI/AAAAAAAACWs/HybfnEMbgNM/s1600/jungjung02.jpg
2LEix4v4kF7Esg	1	http://3.bp.blogspot.com/-S6E057Av3d8/UgmOdPPt6rI/AAAAAAAAMAU/SASKUYvquRw/s1600/PicMonkeyolk+Collage.jpg
2LkVqvgDEcsTRA	1	https://m1.behance.net/rendition/modules/42300835/disp/6902e3b5d3a800a35f4237b44667549d.png
2LnGxsMXlbPiqA	1	http://www.teamconfetti.nl/wp-content/uploads/2014/10/combi-300x148.jpg
2LntNnvfKTZJDg	1	http://4.bp.blogspot.com/-lhc3J_P9RdI/UGBlvgDwI1I/AAAAAAAABdU/AOWp6kuozrw/s1600/IGGY+SPREAD+2.jpg
2NVASHRM9reLCA	1	https://64.media.tumblr.com/d6470c940dfc7d031eb96e0de3a0743d/tumblr_nws01w8t3B1sqs76xo1_640.png
4AKkaRMDDa8y6g	1	http://kingdomofstyle.typepad.co.uk/.a/6a00d8341c2f0953ef017d3e05615b970c-700wi
4AtH62pm8f5+qA	1	http://www.chipstone.org/imgpublications/1/30/596/sm16Buck09.jpg
4BOvFksfuVbyOw	1	https://d2pzt1r4f58oxy.cloudfront.net/uploads/tmg_block_page_image/file/8372/IM_2018sep29_07.jpg
4C0MPyUmYE0moQ	1	https://1.bp.blogspot.com/-2ImK1x5db8U/Xc7PSKiWIII/AAAAAAAABRg/rxSFMHffaig-J7XNUl62NC9Q2CkFG522gCLcBGAsYHQ/s640/Untitled%2Bdrawing%2B%25283%2529.png
4CMAjh23kG42wg	1	https://i.pinimg.com/originals/b1/9b/d7/b19bd77037df25bf9bd7652f5b83d699.jpg
4DnwA+Si1tj1zg	1	https://i.pinimg.com/736x/e9/56/7c/e9567c78014922381d994cd5cda92878.jpg
4Do+FBom1hhbiA	1	https://i.etsystatic.com/10678058/r/il/0a3170/843021368/il_794xN.843021368_b4h6.jpg
4GPw5zveCyDDVw	1	http://static-cdn.sr.se/sida/images/1646/3478735_1200_675.jpg?preset=768x432
4H6w1UZF9zbW2A	1	https://laurelberninteriors.com/wp-content/uploads/2017/06/11-26406-post/ironstone-and-brown-transferware-453x1500.png
4IyqU1b2h5xLbw	1	https://i.pinimg.com/originals/4a/fe/45/4afe45ced88757582fd6f644f03abc46.jpg
4JQYjH8fcp3U6Q	1	https://archive.org/download/dvr2019-01-06-02/dvr2019-01-06-02/BBC2-20190107-1550.jpg
4OlMXlcg9Ss0cg	1	https://i.etsystatic.com/19183862/r/il/7e3031/2329691952/il_fullxfull.2329691952_4nwr.jpg
6Arbj+zsizbaMw	1	https://i.pinimg.com/originals/e8/60/2c/e8602cbcf07f59dc000e08214897bef5.jpg
6CQx8RfnjbkuGw	1	https://c1.staticflickr.com/3/2567/3889857770_b1a27490f7_b.jpg
6DBqJsIf6ryGvQ	1	http://johnjohnston.info/106/wp-content/uploads/2013/01/comp2.gif
6DnqFsWsiVtTXQ	1	https://homeonthehill.pl/wp-content/uploads/2015/07/inst.jpg
6EJIdGINFsLNvA	1	https://image.ytn.co.kr/osen/2016/10/20161010_1476101541_60131500_1.jpg
6EwdVR9HuuPEvA	1	https://i.pinimg.com/474x/10/f2/19/10f219c3519339aca82c9aaf60c38529--gifts-for-my-girlfriend-birthday-gift-ideas-for-girlfriend.jpg
6IgHLZjB3TqPLw	1	http://www.koyanmar.biz/img/product03_img03.png
6IktB0rATaPULQ	1	https://i.pinimg.com/originals/b2/08/12/b208122c67dc00599c46636f99add676.jpg
6KlhaMkZPvGiHw	1	https://www.7continents1passport.com/wp-content/uploads/2018/03/que-hacer-en-Londres-gratis.jpg
6LP24cXEAUvRHA	1	https://3pointmagazine.gr/wp-content/uploads/2014/03/hope5.jpg
6LX1R4U4Jzc90w	1	https://img.izismile.com/img/img3/20100618/640/daily_picdump_436_640_high_84.jpg
6M3ykZxmr7OEKw	1	http://q.v3.hnrich.net/UpEditFile/upload/image/20210702/6376083867002426496665405.jpg
6MLjjkUkebwM+Q	1	http://3.bp.blogspot.com/-oqnWQI_xS6c/VEYFL31nWqI/AAAAAAAAQgU/WhzWUKbPOlc/w1200-h630-p-k-no-nu/f51e723cbd7185d8e13b4ee55dde10f0.jpg
6NBgnTFwahyRCg	1	https://www.palaestina-portal.eu/bilder-1/Karten-palaestina-verschwuden3.JPG
6OyqwHgQUu2UWA	1	https://www.wowkeren.com/images/news/pose-seksi-denada.jpg
6PjAC7tqXW2P0A	1	https://image.slidesharecdn.com/amianalcoholic-140811140141-phpapp01/95/alcoholic-quiz-am-i-an-alcoholic-34-638.jpg?cb=1407766029
8AvNwASHrUHJtQ	1	http://image.rakuten.co.jp/kagunosato/cabinet/45/45-0102r_15.jpg
8BKtFv+YVfVOXQ	1	https://image.made-in-china.com/202f0j00naUfQoTrRdqE/DC1000V-32A-4-Pole-Solar-63A-Isolator-Switch-SISO-.jpg
8BR+wwp47UYBSg	1	https://s-media-cache-ak0.pinimg.com/600x315/86/ee/06/86ee066a210517921b04e67ec8e30a9b.jpg
8CauMWa44wfStg	1	https://libreriamo.it/wp-content/uploads/2015/08/03052013155657_sm_3936.jpg
8GXH6ADatf7RuQ	1	https://image.slidesharecdn.com/cc051651-ebfb-4335-9a43-cddfbc383598-160413174820/95/luxury-event-managementkey-project-showcase-3-638.jpg?cb=1460569711
8H3VEAJcmI0wCg	1	https://www.laramolettiere.com/wp-content/uploads/2016/05/LilFishys-Schoolroom-300x370.png
8HHDevdA4ghbJg	1	http://www.i-gamer.net/gamepic/1/1.2776_1.jpg
8HHJ3x6BeCqyjw	1	http://up.gc-img.net/post_img/2016/11/S3UMlUq43TjaF3p_FUJTQ_2.jpeg
8JbIfxxFOfUTPQ	1	https://1.bp.blogspot.com/-OF0AGa9fa0M/WMRNnXIwNzI/AAAAAAAAK_g/Du2qEFMDg_gy6VFhNAbDe0YDF77hlNZHgCLcB/s1600/CollageJapan4.jpg
8JPii+3wlrOdWg	1	https://img.bizbash.com/files/base/bizbash/bzb/image/2020/04/Remote_Lip_Sync_Battle_2.5e8e335085dd9.png?auto=format&w=720
8JQIt+z+tmtvTQ	1	http://1.bp.blogspot.com/-O672Z323LFg/UG2ILcyHxeI/AAAAAAAACAg/JB-blnlXpaI/w1200-h630-p-k-no-nu/cyrylaimetodego4.resized.jpg
8K6OghD5EXq39A	1	https://i.pinimg.com/736x/e3/30/7a/e3307a44bad275efb7c55f14972e806c--color-palettes-peaches.jpg
8L0dCkTlgOmEhA	1	http://3.bp.blogspot.com/-ZbzeOOfy-BU/UVwFN0mPg8I/AAAAAAABIns/7qaE7fUDkHE/s640/ebec3800f8c4748747bd0a67e38a8409.jpg
8LHZMNNWiZs4KQ	1	https://news.fordham.edu/wp-content/uploads/2016/12/Instagrams-2016.jpg
8Lj33MV7ECNcCw	1	https://c1.staticflickr.com/1/715/31793700312_d9b0c540f1_b.jpg
8MMg3k1Szie2AQ	1	https://mannenstyle.nl/wp-content/uploads/patta-x-stussy-8.jpg
8NLyNXA0T80wnQ	1	http://www.herringbonebindery.com/blog/wp-content/uploads/2013/07/day26_meanna.jpg
8OaFyXiwVxItCw	1	https://www.trafikaeurope.org/wp-content/uploads/2021/03/TER-FB-pic-for-28-Mar-2021-livestream.png
AAGqcLPs5M76Zg	1	http://2.bp.blogspot.com/-UKXdq0gZDt4/TlxkeR4qggI/AAAAAAAACDc/p4BaUPyyQRQ/s1600/pink_2.jpg
AAp7pPUfIqWiaw	1	http://4.bp.blogspot.com/-8rCWnEehTeM/UX7cZEH7uCI/AAAAAAAAAYM/7xkLzqjlHPI/s640/1-1.jpg
aAWguU4E3YTCAg	1	http://nocamels.com/wp-content/uploads/2014/09/DLD-1-166x150.jpg
aBGHuC+kL6YRvQ	1	http://3.bp.blogspot.com/_ukc-rhk3Yq0/TMYPF9WDBRI/AAAAAAAAArA/X2W7EWwAB8I/s400/Campo+Grande_pn03.jpg
ABpRaKTCSXlzhw	1	http://3.bp.blogspot.com/-ct6EeEd7aY4/URy9AKZGW1I/AAAAAAAAAKQ/Yj-0harIT3A/s1600/PicMonkey+Collage.jpg
AC9+Xhns2YIXiQ	1	http://2.bp.blogspot.com/_3bG-0LzVf-U/TSgsNiMS14I/AAAAAAAAAUI/_Bdq9WLXEVg/s640/food34.jpg
aCG9QJQgtaivJw	1	http://2.bp.blogspot.com/-nm_QsDFuaU0/Urexr_UtOfI/AAAAAAAAMzI/k1DtpXofe44/w1200-h630-p-k-no-nu/2013-12-22_0001.jpg
aCkVE4pmITdqIg	1	https://pbs.twimg.com/media/EjbYvpGXsAA3lZv.jpg
aCr6HQbmEY1xPQ	1	https://i.ibb.co/rw4CcNT/stripchat-bymagnoly-20210815-1.jpg
aCV7hX3aNAvCbQ	1	http://m52.paperblog.com/i/29/295233/jewelry-repair-L-Opi_L0-175x130.jpeg
aDaHN0IUAef9NQ	1	https://img00.deviantart.net/04bf/i/2014/024/0/4/woe_s_colouring_tutorial_by_woestijn-d73i7q3.png
ADCq4gR4MMJreg	1	https://blogimg.goo.ne.jp/user_image/66/09/3196c800a7e4a5cb922f330557bf4212.jpg
aEcQnRPANPxMhQ	1	http://www.marv.jp/special/game/runeoceans/special/images/report_img05.jpg
AEEkvn10yL03bQ	1	https://www.gezinopreis.nl/wp-content/uploads/2016/05/hotel-wijn.jpg
AF+uyGXeIUFGXg	1	http://paramount.jp/goodfight/s1/images/point1_img.jpg
aFBEXvLAz141kA	1	https://i.redd.it/iy2rvp882gz61.jpg
AHCWXo43OY3M2w	1	https://www.modernhomedecor.eu/wp-content/uploads/2018/03/Discover-the-Colorfull-Style-of-Kelly-Wearstler-5-768x3258.jpg
aHsiPG5hiBSa1g	1	https://payload.cargocollective.com/1/0/7525/2883352/Apparel_Shirt_Combover_o.jpg
AHYCR8SWPZtXLw	1	https://64.media.tumblr.com/c26003bb0ef5f28b5889da0adaa6dcd0/tumblr_o71hbb1imn1rbv5j7o4_1280.jpg
aJKgoT5DUXiF0g	1	https://camo.qiitausercontent.com/c70bb3b828c63e27d62142a86ccce68ac9839b2d/68747470733a2f2f71696974612d696d6167652d73746f72652e73332e616d617a6f6e6177732e636f6d2f302f33353738382f33343236663332632d323236632d333530372d393735322d3739613538646462663861392e706e67
AJr7yvp6fQWrZA	1	http://3.bp.blogspot.com/-o0wQnTSTeHE/VVuoYWtUdmI/AAAAAAAALzg/ElBREYX2nYY/w1200-h630-p-k-no-nu/1.jpg
aJTrv40GMfDAcQ	1	https://www.cdu-sachsen.de/assets/portal/drMatthiasRoessler/_1240x800_crop_center-center_none/3039BE71-D3E3-4C16-8F73-07B2D24BBC38.jpeg
AJuNW2myvHDzdQ	1	http://www.mdpi.com/sustainability/sustainability-10-00855/article_deploy/html/images/sustainability-10-00855-g003a.png
+A+0JV2umKKlYA	0	http://www.sellingantiques.co.uk/photosnew/dealer_puckerings/dealer_puckerings_highres_1394802992906-3712206401.jpg
+A+1MyuyXY2AoQ	0	https://pbs.twimg.com/media/ClVa2YiUgAANJ-N.jpg
+A+36FMN9Mp+eg	0	https://cdn2.wanderlust.co.uk/media/1428/magazine-cropped-dreamstime_xl_22519060.jpg?anchor=center&mode=crop&width=960&height=0&format=auto&quality=90&rnd=131484747660000000
+A+eL7WxUGrYFQ	0	https://dz2k5jx87b7zc.cloudfront.net/wp-content/uploads/2017/04/13093948/cinnamon-roll-casserole-778x325.png
+A+L7g8wUV2IIQ	0	https://www.moviescramble.co.uk/wp-content/uploads/2014/03/shoot-em-up-featured.jpg
+A+NthZKTImUmg	0	https://secure.img2-fg.wfcdn.com/im/83974649/resize-h400-w400^compr-r85/2868/28689988/Chandelier+3+Piece+Cake+Stand+Set.jpg
+A+Oa7Fn577XmQ	0	https://render.fineartamerica.com/images/rendered/square-product/small/images/rendered/default/canvas-print/6.5/10/mirror/break/images/artworkimages/medium/1/purple-flare-shoal-hollingsworth-canvas-print.jpg
+A+Qr8TLYF+sKQ	0	https://images-na.ssl-images-amazon.com/images/I/81YT84G7JAL.__AC_SY300_QL70_ML2_.jpg
+A+SmlQSWZ7jfQ	0	http://4.bp.blogspot.com/-baDhJfDrjHA/VLlnXrzqvOI/AAAAAAAAH30/SVkWh_0RWpI/s1600/DSCN7306.JPG
+A+XLSRuHpQKYQ	0	https://i.pinimg.com/originals/b2/74/da/b274dafc08cb2855ee14f35fe4552599.jpg
+A03SQ5Umkx8lg	0	http://www.thesimsresource.com/scaled/2753/w-800h-600-2753669.jpg
+A06xlI2ZzPa+A	0	https://i.pinimg.com/originals/f1/4d/ef/f14def5bff089b504cfea0a3a7eb936a.jpg
+A0F9K7mzjTOLA	0	https://i.pinimg.com/236x/92/dd/bf/92ddbf8a76359fdab33a1a8b3890bc99--princess-costumes-disney-costumes.jpg?nii=t
+A0jTx0mHuc5fw	0	http://cdnb.lystit.com/photos/2013/02/14/reiss-rose-gold-luna-embellished-flower-clasp-clutch-product-4-6394009-910592420_large_flex.jpeg
+A0uyVN8zFcZ2g	0	https://keyassets.timeincuk.net/inspirewp/live/wp-content/uploads/sites/23/2016/08/Atlante-inset-15.jpg
+A0VIyE7nnUf2g	0	https://www.natureetfeu.fr/wp-content/uploads/2017/12/Woody_Xtra_03-e1528992129466.jpg
+A1+BpH7MlxlVA	0	http://img-aws.ehowcdn.com/750x500/photos.demandstudios.com/59/145/fotolia_1660741_XS.jpg
+A13vIKQHM4UfA	0	http://s.cafebazaar.ir/1/upload/screenshot/com.androidyan.access_20131.jpg
+A1jrecq2HTnlw	0	https://www.flower-photo.info/upload/save_image/12031510_50bc42659f329.jpg
+A1ZXcezkqrenw	0	http://dryicons.com/uploads/icon/preview/3220/icon_grid_1x_chart.png
+A21maa7Jc42tA	0	http://sims4updates.net/wp-content/uploads/2017/05/834-145x145.jpg
+A276op+eKyudg	0	https://t4.ftcdn.net/jpg/01/58/35/17/500_F_158351700_mgP27D4VRyBlcvnwj93uQbR9NUzdS4t4.jpg
+A2DHNcgZU2hSA	0	https://xaydungsaoviet.com.vn/wp-content/uploads/2018/03/thi-công-xây-tuờng.jpg
+A2J+jf8LrzTGQ	0	https://img.thetake.com/frame_product_crop_images/b11934365547de09f2590aebd6115bcbbf5058904c3583817b31951826591434.jpeg
+A2ngYtQ5NKx8w	0	https://i.pinimg.com/736x/de/c2/15/dec2157bc6c7de348f818b7191540c6a--skunk-pet-skunks.jpg
+A2QcdJMmPpeog	0	https://64.media.tumblr.com/tumblr_lqvc4zmoZX1qe2nxto1_400.jpg
+A2riBgRv3s9aw	0	https://i.pinimg.com/474x/3a/59/89/3a598946a907491bce3be109e5ea94f8--julie-christie-francois-truffaut.jpg
+A37EcynHkYd+Q	0	http://i1138.photobucket.com/albums/n523/cvarela21/folder-1971.jpg
+A3njFeBZavOVA	0	http://www.kafepauza.mk/wp-content/uploads/2015/04/2-kreativen-artist-sozdava-prekrasen-nakit-od-stari-delovi-na-chasovnici-www.kafepauza.mk_-400x230.jpg
+A3soF8QsNfIkg	0	http://2.bp.blogspot.com/-0bCS9cvY_KI/UBnfa5sYqAI/AAAAAAAABjw/mlI1NsuUPWU/s1600/DSCI0434.JPG
+A3u3W3fO6I8Vw	0	http://clipart-library.com/coloring/6cpLoLxcE.gif
+A42kp6Tmtf3hg	0	http://cdn.laredoute.com/products/250by250/7/9/1/791a0d0c1091d23b523d247d2a5ed6c3.jpg
+A45BPFRaeZ7Hw	0	https://i.dailymail.co.uk/1s/2019/10/30/01/wire-20355768-1572398600-572_636x382.jpg
+A4EiEMpypgcLQ	0	https://1.bp.blogspot.com/-LFN-HlDuxuo/WQjfn6WiqlI/AAAAAAAALkA/ICV0EH_9nA8XR0zuXjMyBAUYjiwgj2FyQCLcB/w1200-h630-p-k-no-nu/Latticed%2BLearning%2BRevelation.png
+A4U78I7zCRXpw	0	https://webstockreview.net/images/rock-clipart-simple.jpg
+A4wo7HKkOVgow	0	https://cdn.shopify.com/s/files/1/0941/7790/products/OriNatMain_160x.jpg?v=1551131312
+A4YDD3RQAuGgQ	0	https://img1.etsystatic.com/140/0/9399498/il_340x270.876832079_e1h0.jpg
+A4ZVzyhK3J6cw	0	http://3.bp.blogspot.com/-Gw1EI7kDtVg/T_nxBdr7qwI/AAAAAAAAEN4/vKJ9xAmx2v0/s1600/IMG_8735.JPG
+A56fTvgOaaHgA	0	https://i.pinimg.com/originals/cb/6d/5e/cb6d5e5171d590c52b4e10db62a67c34.jpg
+A5eLoccQdQ1zA	0	https://3.bp.blogspot.com/-1oUtEyRaqTY/Tjyf-Hx9SrI/AAAAAAAADPY/vlZlvEa3omw/s280/021.JPG
+A5j52bYupmUtg	0	https://cdn.shopify.com/s/files/1/0086/5871/4683/products/sometimes_sassy_3_480x.jpg?v=1549644500
+A5sQuX88ve5HA	0	https://i.pinimg.com/originals/2a/fd/75/2afd75bd7fee3de6a7f6041bb9138f01.jpg
+A5W2kkXvn+bZA	0	https://nl.lkk.com/images/recipes/grid/hartige-eend-met-oestersaus-door-ken-hom.jpg
+A5xPelN5zZjUg	0	http://cdn.trendhunterstatic.com/phpthumbnails/160/160428/160428_1_800.jpeg
+A6i7t89gR0pIQ	0	http://www.jppservis.cz/img_cars/00184_00696_b.jpg
+A6lXaA6K84vQA	0	http://www.gustodautore.it/wp-content/uploads/2019/06/Foto-Conferenza-stampa-Buonissimi-2019.jpg
+A6PhPzwCTjGKA	0	https://assets.catawiki.nl/assets/2016/10/29/9/0/b/90bc98da-9daa-11e6-944b-a936a662479d.jpg
+A6RHwqiQHo2KA	0	http://img.4travel.jp/img/tcs/t/tips/pict/lrg/138/630/lrg_13863032.jpg
+A6sqMSXtIcibg	0	http://1.bp.blogspot.com/-kE4YfDJyjZw/TlsM91MY2TI/AAAAAAAAQB0/vtV_S8qIZuo/s1600/Ukraine.jpg
+A6uDwdR7WiW3w	0	https://d1o6h00a1h5k7q.cloudfront.net/imagens/img_g/18574/8641767.jpg
+A6v39YCDNjeMA	0	http://3.bp.blogspot.com/_hY4szg1pfkU/TPOgrjmMEYI/AAAAAAAAABI/pnBxIiHsw88/s1600/IMG_8855.JPG
+A75GAjOMU02cg	0	https://d2ct9xspam8wud.cloudfront.net/blog/2019/04/03171329/easter-template-14.jpg
+A7eF7LZNTBcJQ	0	https://perfecthome.cz/wp-content/uploads/2019/07/krb-morava-e1563775873978.jpg
+A8dW0cIg4G4vw	0	https://fbcd.co/thumbnails/7dd798a09e3b10768ddfb8a6f8edb91f_resize.jpg
+A8j97EHVDVChQ	0	https://www.zel-veter.ru/files/Photos/p/361.jpg
+A8jrXS1LTIF5w	0	https://a.1stdibscdn.com/rolex-explorer-ii-216570-42-millimeters-case-certified-warranty-for-sale-picture-4/12330573/j_77710611571131874212/gvn0gv2xef_1568268679011_master.jpg?width=768
+A98EXoCIh1c1A	0	https://img0.etsystatic.com/130/0/9697061/il_570xN.1033657098_k4fb.jpg
+A99HfsgkrUStQ	0	https://item-shopping.c.yimg.jp/i/n/ariel_103212053015_7
+A9JCTlif50GkQ	0	https://pbs.twimg.com/media/DHRkiB6UQAEyyTT.jpg
+A9JMhwuPREjRw	0	https://cdn.images.express.co.uk/img/dynamic/79/183x122/572062_1.jpg
+A9r6eXtlXSFOA	0	https://images2.bonhams.com/image?src=Images/live/2018-05/01/24753386-11-16.jpg&width=960
+A9UqnhKPTJqjg	0	https://cinescopia.com/wp-content/uploads/2016/12/596965-770x308.jpg
+AAEqi1dwNWUFA	0	https://chairish-prod.freetls.fastly.net/image/product/sized/3681a4a5-a957-4e11-a236-ae3ad45aff10/vintage-traditional-twin-size-sleigh-bedframe-6439?aspect=fit&width=640&height=640
+AAGFTLENWuJfw	0	https://www-static.weddingbee.com/pics/320948/pb.jpg
+AAnxUZ+e7aXWw	0	https://mkczimgmodrykonik.vshcdn.net/QHf7vhX8pWs_snx224.jpg
+AB2WoO0bOs9IA	0	https://i.etsystatic.com/14621444/r/il/cb5437/2327022461/il_794xN.2327022461_pox4.jpg
+AB46GYLx2WVkw	0	http://thumb9.shutterstock.com/display_pic_with_logo/1354966/646484452/stock-vector-elegant-seamless-pattern-with-decorative-flowers-in-blue-and-pink-colors-vector-floral-pattern-for-646484452.jpg
+ABHfzpFtDDPUQ	0	https://pix-feed.com/wp-content/uploads/2018/07/255c0bcedeaa4579f4654942dff0a4cc-450x450.jpg
+ABii5WPQSTmCQ	0	https://lookaside.fbsbx.com/lookaside/crawler/media/?media_id=10161195674669196
+ABOy+wgte6qnQ	0	http://poica.org/upload/images/2002/1041246849.jpg
+AC0WR6ir0uYQA	0	https://mir-s3-cdn-cf.behance.net/project_modules/1400/1f1d0292768471.5e53fe052e434.jpg
+ACawmnth47BNg	0	http://friendship-bracelets.net/im/gal/n/106435.jpg
+ACGSrtJj8AxdA	0	https://i.pinimg.com/originals/65/d3/11/65d3112b567dac1e5560bf31a7b8befd.jpg
+ACRw4FJm6QLPA	0	https://scr.template-help.com/55100/55107-smart2-responsive.jpg
+ACZVMaLwE8byg	0	https://lh3.ggpht.com/-X7I0CvLNfB0/UUZeOgxQogI/AAAAAAAAXqA/dfZu8t06mBs/s1600/miss+sadie+thompson+1953+charles+bronson+a.jpg
+AD05KmUoMMdlA	0	https://cdn.cliqueinc.com/posts/285776/minimalist-spring-wardrobe-285776-1582694371960-main.700x0c.jpg
+ADGLOZ85jDYHg	0	https://i.etsystatic.com/10334707/r/il/a0830d/1258878623/il_570xN.1258878623_2nj7.jpg
+ADYTU7MxUJNzg	0	https://m.media-amazon.com/images/I/41A9cCJrT5L.jpg
+AEbczVCPs+SlQ	0	https://i.ebayimg.com/images/g/sT0AAOSw4CFYnwl0/s-l300.jpg
+AEG45rxyTvA0w	0	https://www.sharedots.com/img/560x292/share_images/2020/10/21/ZOjfb.OvCc.1.jpg
+AEpe7vZu6N3LQ	0	https://img-fotki.yandex.ru/get/53/abonny.299/0_485c1_52fc59b8_XL.jpg
+AFesAfSd2TUsg	0	http://simsworkshop.net/data/resource_icons/0/308.jpg?1454325288
+AFuBVt3sOzO6A	0	https://i2.wp.com/anemeraldcitylife.com/wp-content/uploads/2013/09/photo1386-e1379596432413-300x225.jpg?resize=300%2C225&ssl=1
+AGDWJrBbznnZw	0	http://teachersmag.com/upload/blogs/202106/school-128-1623026850.jpg
+AHvPq+8866efg	0	https://img.youtube.com/vi/uivpQxc7pZE/mqdefault.jpg
+AI9tfkYYnh2AQ	0	https://1.bp.blogspot.com/-d1GgEyKeHr4/XzCCEeWzPnI/AAAAAAAAF28/c-9uU-_XZAASXzr45lb8WL_J-0iFYbMkQCLcBGAsYHQ/s640/Partitu%2BMerced..jpg
+AJrqZ45lRH5PQ	0	https://music-box.hr/wp-content/uploads/2019/04/Bosutski-bećari_Tomislav-Bralić-770x439_c.jpg
+AMabckOPiXILA	0	https://66.media.tumblr.com/07d75f66aa9b4872787ebe4dd6bdda91/tumblr_pmvd8wgjOz1w42dcqo1_1280.jpg
+B18WdxOyax6Dg	0	http://www.thisweekinthepoconos.net/wordpress/wp-content/uploads/2016/07/Claws-N-Paws-LG-368x300.jpg
+B1NJCjAQbGe7g	0	http://3.bp.blogspot.com/-a_q9xCUBWvs/UzdO2sC-hfI/AAAAAAAABp0/-TMDIN59iNQ/s1600/14-mercado+en+pesos.jpg
+B30iC3NtIZwmA	0	https://t3.ftcdn.net/jpg/02/28/73/24/240_F_228732479_yKNxv2IuNI6NIamC2WDny4feHJ1bJxj7.jpg
+B39otHFG5nzgw	0	http://3.bp.blogspot.com/-ss4dd9L1VAk/UKZPXxcFFwI/AAAAAAAAL0c/vkh_nk1BAFc/w1200-h630-p-k-no-nu/apartment+therapy.jpg
+B3IIn0HFPu1VQ	0	https://resize-public.ladmedia.fr/img/var/public/storage/images/look/toutes-les-news-look/photos/mode-kate-middleton-la-reine-du-recyclage-s-est-permis-un-ecart-pour-la-saint-patrick-513876/6400568-4-fre-FR/Mode-Kate-Middleton-la-reine-du-recyclage-s-est-permis-un-ecart-pour-la-Saint-Patrick-!.jpg
+B3WEalyWCCH3g	0	https://img1.xuexiniu.com/forum/201504/25/215047wau4sdcuisd3q3ta.jpg
+B55RNDnGCrCJQ	0	https://i.etsystatic.com/5173379/r/il/9439d2/253050776/il_fullxfull.253050776.jpg
+B6OmhD0NpL5Sw	0	https://n.nordstrommedia.com/id/6e1e2bfc-711d-4c82-afbb-c12cee344df5.jpeg?crop=pad&pad_color=FFF&format=jpeg&w=780&h=1196
+B74XxYGR58b0A	0	https://gcdn.emol.cl/celebridades/files/2016/02/selena.jpg
+B8OGm4L6Mynrw	0	http://www.prisdev.com/uploads/application/images/1000/2005jt65-406.jpg
+B92QduiLF0lhg	0	https://i.pinimg.com/originals/10/66/e1/1066e1abab27bc6c7fd7ee91d51f2da2.jpg
+B9gjQs35mCs1g	0	https://i.pinimg.com/originals/72/99/b5/7299b5d946bd41d9168ba23668e40538.jpg
+BaesKzA1198RQ	0	http://lp.hm.com/hmprod?set=source%5B%2Fmodel%2F2017%2FF00%200547874%20001%2066%201589.jpg%5D%2Cmedia_type%5BSTILL_LIFE_FRONT%5D%2Ctshirt_size%5BXS%5D%2Cquality%5BH%5D%2Chmver%5B1%5D&call=url%5Bfile%3A%2Flegacy%2Fv1%2Fproduct.chain%5D
+BApE0sfI3Eqtw	0	https://www.maplatine.com/en/39812-thickbox_default/pro-ject-debut-alu-sub-platter.jpg
+Bb08Jr3wYfQnw	0	http://3.bp.blogspot.com/-Q7EkYsBQj2c/VOCeACvcTwI/AAAAAAAAAeU/oeIPU8VDGDc/s1600/IMG_4302.JPG
+Bb1+xJL7jxyjA	0	https://livedoor.blogimg.jp/are13-kuroko/imgs/f/5/f57fd71c.png
+BbAsrze3uFeCA	0	https://img1.etsystatic.com/003/1/5201761/il_340x270.398471717_h18r.jpg
+BbFImypaVL59g	0	https://i.pinimg.com/474x/7b/3e/cd/7b3ecdf6a1a5fce5d70a7abdca58a8be.jpg
+BbiyHZ5XVFv2Q	0	http://cdn.shopify.com/s/files/1/0288/7052/products/BT1_Belt_SpecPrism_1_grande.jpg?v=1396560369
+BbkSMZWoQ3l3w	0	http://4.imimg.com/data4/AC/HO/ANDROID-982669/product-250x250.jpeg
+BbtnVzlAwrxOQ	0	https://amaperfect.com/wp-content/uploads/2016/12/B01L6QNQ0M.jpg
+BbVev6bF2E27A	0	https://static.chefkoch-cdn.de/ck.de/rezepte/45/45910/502153-960x720-griesskloesschensuppe.jpg
+BBWmhiLMlJwiQ	0	https://static01.nyt.com/images/2013/10/13/travel/13SARAJEVO-slide-DY0R/13SARAJEVO-slide-DY0R-superJumbo.jpg?quality=75&auto=webp&disable=upscale
+BbYtDuu0weq4Q	0	http://i54.photobucket.com/albums/g112/Twentyspics/Tiggy/P1170382.jpg
+Bc5ItlMicAvMg	0	https://n.nordstrommedia.com/id/sr3/09cc75aa-02ec-4e7c-9fe0-d9f7391732b8.jpeg?crop=pad&pad_color=FFF&format=jpeg&w=780&h=1196&dpr=4
+Bca2ZAcx647cg	0	https://images-na.ssl-images-amazon.com/images/G/01/aplusautomation/vendorimages/127a0d8e-cc6c-4dcf-bed1-d5d2ba51da35.jpg._CB286495658__SR300,300_.jpg
+BceVkCYB6juUA	0	https://fountain.vn/wp-content/uploads/sites/3/2017/07/ff40fcf9a2.jpg
+BcgUrZ31whoAQ	0	https://www.calzadosvesga.com/79191-home_default/aedo-657-espadriles-de-mujer.jpg
+BcuOKu8BqgJkA	0	http://ae01.alicdn.com/kf/HTB1RIBoikSWBuNjSszdq6zeSpXa0.jpg_Q50.jpg
+BD2s2jxT8MtxQ	0	https://lh3.googleusercontent.com/proxy/D41ef3m7leM4aCOgHfVu0Kclq-JZURiz_MwMpkpbdyUn-dpstBgslqj5t3XgSUy8kf5lJsV6r9WLRimFaaLGn4TUYuh4pvT9mIgMrxo1WqA=s0-d
+Bd3eLoGBxQ4cQ	0	https://i.etsystatic.com/25316392/r/il/5a27bc/2931597899/il_fullxfull.2931597899_by16.jpg
+Bd4SZuH9SxkgQ	0	https://i.ebayimg.com/images/g/w7sAAOSwepJXasFz/s-l300.jpg
+BdDupYpjjKE7g	0	https://binaries.templates.cdn.office.net/support/templates/da-dk/lt02930042_quantized.png
+BdeAQ0UL1j7bg	0	https://i.pinimg.com/originals/ff/b8/aa/ffb8aa7ceb3cde2da6445e6a67ac687d.jpg
+BDKlC6uxh7s5w	0	https://t3.ftcdn.net/jpg/00/73/65/94/500_F_73659403_YnAJZKCfD5wjBxdk4Dt5mslPEIUvlvu9.jpg
+BDkry16D80x1g	0	https://www.onyxskysolid.com/images/ready-template/crop-1568717224470.jpg
+BdmNawSTH6Y3A	0	https://data12.gallery.ru/albums/gallery/373943-e915b-79713946-200-u73038.jpg
+BdPh8qWNxUeRg	0	https://img0.etsystatic.com/128/0/11086734/il_340x270.886121094_qbyq.jpg
+BDrVXt9ArJ5Mg	0	https://static.tildacdn.com/tild3166-3836-4638-a461-363930616565/woman_without_mask.png
+BDVsOwDylxNyA	0	https://images.fineartamerica.com/images/artworkimages/mediumlarge/2/snowy-egret-bill-chambers.jpg
+BdyrTmmuYsI8g	0	https://img.sanctuary.fr/objet/300/311367.jpg
+BE0K2qrBk6scw	0	http://decorchoob.com/wp-content/uploads/2017/02/38d700ee0ee27da1d475538a775831f8-1-e1493832020651-600x600.jpg
+Be2bf5YitVMdw	0	https://en.metal-tracker.com/cache_images/details/2535970.JPG
+Be2EuHAu2SKvQ	0	http://www.hobbycomponents.com/images/forum/HCMODU0010_2_800.jpg
+Be8m2o70r4HlQ	0	https://cdn.nieuws.nl/media/sites/280/2019/04/28102113/Koningsdag-Ellecom-2019-7-1024x581.jpg
+Be91vtrORvnuA	0	https://www.fs19mods.com/wp-content/uploads/2019/10/John-Deere-8R-US-v2.0.0.0-Mod-1024x428.png
+Be9Wdnz6O+9UA	0	http://tsurigu-teramoto.com/F100000313.jpg
+Bed8BRV3OAbIw	0	https://nash.tw/wp-content/uploads/IMG_0988_结果-scaled.jpg
+BEvlkwVYgtemQ	0	https://1.bp.blogspot.com/-gnMKZeQkbbs/TlQy3w_UOzI/AAAAAAAADOk/9OuAMlSEDJA/s320/Food+722-1.jpg
+Bf9Y+qJ54gtnA	0	https://img02.netsea.jp/ex14/20110615/2/sml_2250712_0.jpg
+BFCO1yKpFkrLA	0	https://www.caiccogoletta.it/uploads/full/14-notti-al-nord-adriatico-day-4-mali-losinj-2.jpg
+BFCrniyeyXOOw	0	http://4.bp.blogspot.com/-vWhPkOaHMlU/Ui3pZyUibVI/AAAAAAAADUQ/A8ja5YEA7vw/s1600/journal72.jpg
+BfCw6xZEdOoDg	0	https://i.etsystatic.com/14789383/r/il/118d3e/3180711957/il_1140xN.3180711957_fv8a.jpg
+Bfi+K4bEP+SPA	0	http://es.viptalisman.com/flash/templates/children_album/na_prirode/142331_small.jpg
+BfnYKZThjOF+w	0	http://4.bp.blogspot.com/-VcSu33jTUQI/Tk1CWyvMb3I/AAAAAAAAAvI/0Joy0XqgcSE/s400/009+%25283%2529.JPG
+BFojNSJSCODEw	0	http://octhouse.co.jp/files/libs/173/201612150931228570.jpg?1539602490
+BftXZlwZ9O0bA	0	http://postfiles13.naver.net/MjAxODA0MDVfMjE3/MDAxNTIyOTI1MTM3NTg2.IU7EwN69mr7M6iSXw41RItEQfA24WaHVaPt9hBy7wh4g._dL6flWo1ht15YR0UX4sd7u_fmrkmeANFz6jD4GdV6Ig.JPEG.wingwing1117/80._남신의주%2C_세한도003.jpg?type=w2
+BfVFIj41TlbZg	0	https://mercadolider.com.uy/wp-content/uploads/2020/07/extractor-cocina-enxuta-300x300.jpg
+BfWeKXG+nz19w	0	https://d1ldy8a769gy68.cloudfront.net/180/978/031/258/352/1/9780312583521.jpg
+BFZSxqcUrpkIA	0	http://www.vplate.ru/images/article/orig/2015/06/svadebnye-platya-po-figure-40.jpg
+Bg+23GIkDaZCw	0	http://4.bp.blogspot.com/-bm7wkPitq_E/TsEnKxlVdrI/AAAAAAAABXE/skGh3Yp54v4/s1600/DSC05305.JPG
+Bg+vG9G+UCyFw	0	http://2.bp.blogspot.com/-83EKhHP07Tk/URv-xLjbS9I/AAAAAAAAFVE/V83ewTXJppo/s1600/DSC07010.jpg
+BgbQPCD82JAyA	0	https://www.lifegag.com/wp-content/uploads/2019/01/patience-fishing.jpg
+BgIrgRQLlA9Dg	0	http://www.decoracaodecasa.com.br/wp-content/uploads/2018/11/guirlanda-de-natal-21.jpg
+BgLNFlgLZfXug	0	https://p0.pxfuel.com/preview/459/326/427/splatter-splattered-paint-royalty-free-thumbnail.jpg
+BGN6mEU6OKf7g	0	http://cdn.fararu.com/files/fa/news/1391/10/4/45478_397.jpg
+BGNwO2W2CvFsg	0	https://www.infobae.com/new-resizer/zoEMhXNLhB3iarmpJ_vBIkVQ-BQ=/s3.amazonaws.com/arc-wordpress-client-uploads/infobae-wp/wp-content/uploads/2019/08/29121856/CamScanner.jpg
+BGPFF08OWBntg	0	http://history.earthsci.carleton.ca/harvey/reunion/images/day4/airphotos/alwinton_low_res/Alwinton_low_res_xsm.jpg
+BgW+HO23O16uw	0	http://www.webjeux.com/img/dlgames/origin/22463_big.jpg
+BGzg3u2aGaN0w	0	https://cdn.fertighaus.de/images/solution134v6-v7_floorplan2.max-960x720.watermarked.jpg?t=85b61d03
+BhbmLmjM01oiA	0	http://1.bp.blogspot.com/_poc4WYnLeJQ/TLHHB7K2jXI/AAAAAAAAAkY/GCFvYP-h0oI/s1600/FallDecor+-+GoodyTrueShoesEtsy.jpg
+BhBx7aAIJjTaQ	0	http://www.daddyshangout.com/wp-content/uploads/2015/04/black-man-frustrated-1024x355.jpg
+BhVvnPDia9LRA	0	http://3.bp.blogspot.com/-84JNerhW6IY/VPLNOQPcuoI/AAAAAAAAAgQ/Cf6hsoljk7I/s1600/2.PNG
+Bi7IRgr6uI0NQ	0	https://i.nefisyemektarifleri.com/2019/09/04/tirit-tarifi-3.jpg
+BIen4gmO0DRAg	0	http://cdn.shopify.com/s/files/1/0405/6941/products/labradorite-topaz-apatite-necklace-2_grande.jpeg?v=1480375451
+BiGHD71rD4R+w	0	http://cdn.sketchpan.com/member/c/cyan14/draw/1591540240608/0.png
+BiJ3WAmIEb6Og	0	https://babyy.cc/wp-content/uploads/2018/07/2648.png
+BiyqiCca07T+Q	0	https://img1.etsystatic.com/061/1/6824301/il_340x270.753967729_eixy.jpg
+Biz9GSXsbpfeg	0	https://img3.stcrm.it/images/12871538/HOR_STD/444x/camier-3.jpg
+Bj8E+2qa4P9Dw	0	https://i.etsystatic.com/12976042/r/il/3506a9/1333219215/il_570xN.1333219215_qa5o.jpg
+BjBpmrWLDRPvg	0	https://aucarauto.com/wp-content/uploads/2021/01/piano-black-370x278.jpg
+BjhcADjDIdcPA	0	https://i.pinimg.com/originals/46/1b/93/461b93ada593ed39a75c964ef27674ac.jpg
+BjICdZqFO1EAA	0	http://wp.production.patheos.com/blogs/jesuscreed/files/2016/12/The-Jesus-Creed-for-Students.jpg
+BJiOU8V2owKDA	0	https://img1.etsystatic.com/035/0/5277438/il_570xN.547582037_1tya.jpg
+BjiuQcl24GGSA	0	https://st.hzcdn.com/fimgs/73712dfb08eec054_1933-w144-h144-b0-p0--contemporary-patio.jpg
+BjPIa4Tiw60rA	0	http://static.tapchimattran.vn/uploaded/admin/2020_05_12/image014rtkk_bnij.jpg
+BjS1sR9b7U73g	0	https://www.filmonpaper.com/wp-content/uploads/2011/05/AfterHours_onesheet_international_DanGoozee-4-500x424@2x.jpg
+BjWCXxfOg9i8w	0	http://www.blinds-2go.co.uk/content/product-images/duoshade-dark-grey-36-duo-easi-blind-sw.png
+BjyzgELQiiqIw	0	https://3.bp.blogspot.com/-q_5vUr-8R_I/WhH023ay1oI/AAAAAAAANAI/aC9gjAEPxVoPNj-oyJopU94SlDSK0gvLgCKgBGAs/s1600/Au%2Bcoin%2Bdu%2Bfeu%252C%2B%2BAtelier%2BMiniature%252C%2BBoutique%2Bde%2BL%25C3%25A9a%252C%2B19%2Bnovembre%2B2017%2B%25287%2529.JPG
+Bk+h0PiuYJxkw	0	https://i.etsystatic.com/11399584/r/il/180323/2109186335/il_794xN.2109186335_5gkc.jpg
+Bk7YWWLKmbKLg	0	https://assets.bigcartel.com/product_images/187758890/for_web_Jane_Ormes_Website_Lifestyle_05_Jo_Hounsome_Photography.jpg?auto=format&fit=max&h=1000&w=1000
+BkKiIC8zvUNLw	0	http://3.bp.blogspot.com/-vT8Pi8nf_84/Uf-4AZG69lI/AAAAAAAAAQg/-i08i_wtyG8/s1600/EPS_5114.JPG
+BkL6GjVbJmdmw	0	https://macrolub.vteximg.com.br/arquivos/ids/407826-1000-1000/9660.jpg?v=637584034628670000
+BktTqYgWzHxVw	0	https://www.ofuxico.com.br/img/upload/noticias/2014/09/12/215130_36.jpg
+BKUGgRSy9VfKg	0	http://cdn03.cdn.justjared.com/wp-content/uploads/2012/07/danes-tca/thumbs/claire-danes-homeland-tca-panel-03.jpg
+BKVJ126ftbOlw	0	http://www.nestandglow.com/wp-content/uploads/2017/07/coconut-almond-chocolate-ice-cream-recipe-375x195.jpg
+Bky71b1IOakmQ	0	https://i.gr-assets.com/images/S/compressed.photo.goodreads.com/books/1444602026i/26114703._UY200_.jpg
+Bl5NhOKzWqHaw	0	https://naszabobowa.pl/wp-content/uploads/2020/10/IMG_20201008_104857.jpg
+BlcKdCOUraFnA	0	https://img1.etsystatic.com/063/2/5229753/il_214x170.770108725_o17z.jpg
+BlEzNBYgxyTZQ	0	https://i.etsystatic.com/10232775/r/il/754efc/1407502252/il_794xN.1407502252_hnzg.jpg
+BljxpnIbHIX7w	0	https://img.favpng.com/21/3/16/liquid-pool-lounge-las-vegas-nightclub-bottle-service-party-png-favpng-ABXkpktwajNk6Apw3vN2XT9Uz_t.jpg
+BllHkck1iQKog	0	http://1.bp.blogspot.com/-Zkpbnmj7QqU/TV5uI3ZdvmI/AAAAAAAAL7c/wPTCGqIS4AU/s1600/i-am-a-secret-avenger-steve-rogers.jpg
+BltQDCs8ZB4Xw	0	https://s3.amazonaws.com/finegardening.s3.tauntoncloud.com/app/uploads/2018/01/23160319/7_51.jpg
+BluHKdubmgPZQ	0	https://dasihome.ro/40777-large_default/fotoliu-tip-sac-material-textil-gri-baby-tipul-1.jpg
+BlXDORTbinqWg	0	http://4.bp.blogspot.com/_d-TBb4UnWgM/S8WgJFrQ0uI/AAAAAAAAArY/W2d1vqe9IXo/s400/Screen+shot+2010-04-10+at+6.47.49+PM.png
+BmEAdBcs8kXZw	0	http://2.bp.blogspot.com/-SS2h-7UNrmY/UJd9tvohJjI/AAAAAAAAYZI/kPtMRPSMKqs/s400/8+copy+2.jpg
+BmwjVxQBrEYtw	0	http://1.bp.blogspot.com/-f5Tf9dQrOM4/Tw8wfEsGuqI/AAAAAAAANhA/DB0O6IA5qys/s1600/282.jpg
+BMyGaYK7v9clQ	0	http://img-fotki.yandex.ru/get/9803/237344360.2e/0_eaf6d_dc3fad02_XL.jpg
+Bn6WW6Pu7tTaA	0	https://1.bp.blogspot.com/-El3KlYKApMQ/U9ZIjQ5l5WI/AAAAAAABb5s/gXEM2QxmSAw/s1600/7.jpg
+BNGNEaHuAg8iA	0	http://www.magicaldaydream.com/wp-content/plugins/related-posts/static/thumbs/19.jpg
+BNGz8JjUFdGmg	0	https://ashleybrookedesigns.com/wp-content/uploads/2019/05/Summer-Florals-www.ashleybrookedesigns.com-2-800x1176.jpg
+BnNx6bmHvlNJQ	0	http://rlv.zcache.com/svc/view?realview=113680049383217507&design=2e7c8fb7-68d1-417e-b56a-aa7e982a8c3d&rlvnet=1&style=5x7&cornerstyle=normal&media=matte&color=white&printquality=4color&max_dim=152
+A0Ier1JcILWwg	uncertain	https://camo.envatousercontent.com/96cbbdedcc4baa2b3230f8a339b81bf76976b894/687474703a2f2f69313132392e70686f746f6275636b65742e636f6d2f616c62756d732f6d3531392f61686d65646d642f78322e706e67
+A0rlq7TZpC8rQ	uncertain	https://d53l9d6fqlxs2.cloudfront.net/photos/89010-2255843.jpg
+A46KZxD5z+tOA	uncertain	http://www.mybaba.com/wp-content/uploads/2014/09/Fairy-Cakes-480x240.jpg
+A8mfWfftQ1sSw	uncertain	https://i.ebayimg.com/images/g/NFkAAOSwVEpgAAFh/s-l640.jpg
+BbJp5QkDZ2sKA	uncertain	http://bit.ly/1X5tnz1
+BbkL9OqmT+Tvw	uncertain	https://thebuddhistcentre.com/sites/default/files/styles/gallery_full_size/public/users/157/groups/images/otm_hi_res_cover_pic.jpg?itok=Y5xfOUy6
+Bd9UEsWpN5U3w	uncertain	https://i.etsystatic.com/10433293/c/2698/2143/0/0/il/a8e691/1663235319/il_340x270.1663235319_c3g7.jpg
+BJWTowWhvjsLA	uncertain	https://rlv.zcache.com/lets_toast_new_years_eve_party_invitation-r2e30666c06f24f63807420e6a7fcbf97_6gduf_630.jpg?rlvnet=1&view_padding=[285%2C0%2C285%2C0]
+BLSq3sFFsi4iw	uncertain	http://1.bp.blogspot.com/-6jgjbSVGfx4/VLru0cHY6JI/AAAAAAABQDk/BmovnjVFbc8/s1600/dandLSocialMedia.jpg
+BLX1R+KmiMT5A	uncertain	http://rlv.zcache.com/huge_colorful_chevron_pattern_with_name_computer_sleeves-raaad629563704fa180341d22198a6f2b_arp6m_8byvr_324.jpg
+BN1AXmrIZq0Gg	uncertain	http://4.bp.blogspot.com/-AERB8pSWTcI/TrlMWAf_MnI/AAAAAAAAAbI/VQAh3OxE4AI/s320/4.jpg
+BntA7MEn830og	uncertain	https://advantechjapan.com/wp-content/uploads/2021/05/USB_f2.png
+BPuT7GiWHNJug	uncertain	https://i.etsystatic.com/6372228/r/il/4ed45d/968203984/il_794xN.968203984_qaoj.jpg
+Bs6qWadlFBCWQ	uncertain	http://www.kadinsite.com/wp-content/uploads/2017/08/televizyondan-gorup-ureticisi-oldular-1502193773.jpg
+BtF5aLQ7dBHLg	uncertain	https://img.freepik.com/vector-gratis/iphone-x-con-fondo-degradado_23-2147848027.jpg?size=338&ext=jpg
+BtUs3pHWMMZug	uncertain	https://inrequa.com/wp-content/uploads/2016/11/bao-li-xi-918-358.png
+BvXR1a3+k5PNA	uncertain	https://www.scrapbook.com/products/cache/SBC_ph-stdm-0141e_1.jpg
+C1BOHLXaJqE6w	uncertain	https://camo.envatousercontent.com/61179f7e321e6653e43190af1c6cbeda5f1cd9e1/687474703a2f2f6661726d332e737461746963666c69636b722e636f6d2f323834342f31313934353134303432355f383135633565313336335f6f2e706e67
+C3JymMMH3vzzA	uncertain	https://a.1stdibscdn.com/archivesE/upload/1121189/f_183087721584170242159/18308772_org.jpg
+CABhw7N4mo2hg	uncertain	https://cimg3.ibsrv.net/gimg/www.mbworld.org-vbulletin/1500x2000_1/img_8769_87423653717f4bc1ac2baf3b69ffb486ba7f8398.jpg
+CP0vbN1YHpzgg	uncertain	https://hunterae.com/wp-content/uploads/images/youtube-channel-broadcast-pack-37-elements-videohive-download-28418575-free-hunterae-com-12.jpg
+CSa0kCpJQcqlA	uncertain	https://bhldnhatduong.vn/wp-content/uploads/2020/07/quan-ao-bao-ho-ky-su-tb14.jpg.jpg
+Ep2pOddsGFmoA	uncertain	https://gazetemanset.blob.core.windows.net/resim/egazete/2020/04/07/birgun/8243e511-1cd5-4e66-82dc-1c674e1e0be2.jpg
+EspUqOe2zAwWQ	uncertain	https://img.youtube.com/vi/5kfzdLX76No/0.jpg
+EWPShsWONy9fA	uncertain	https://tungshop.com/wp-content/uploads/2021/07/Gat-tan-xi-ga-4-dieu-Lubinski-hoa-tiet-War-Horse-GT5-4-70x70.jpg
+EzHtbn24gPaTQ	uncertain	https://cdn.shopify.com/s/files/1/0371/6068/1603/products/product-image-869979903_1024x1024.jpg?v=1623668048
+F0EYYJZsQvo0Q	uncertain	http://www.antigomodelismo.com.br/galeria/grande/antigas/classificados_chevrolet_1949.jpg
+FDT5FkhSwOH4w	uncertain	https://www.todotel.com.mx/wp-content/uploads/2013/01/bannerr3-dahua-768x292.jpg
+FHqLuW86VznNQ	uncertain	https://www.cadurbarlich.org/wp-content/uploads/2017/05/Letterature_Barlich.jpg
+MZRMTj5Q+iCPg	uncertain	https://www.droidviews.com/wp-content/uploads/2017/08/IMG_20170818_192600.jpg
0AZEJBQzxCSHbg	uncertain	http://3.bp.blogspot.com/-Xjo9aWSFsm4/UtWmKv58SII/AAAAAAAADTo/XbpIj-kJBD4/s1600/WWF.jpg
0BGx2q9AoPgeuw	uncertain	http://lxy.qut.edu.cn/__local/0/DB/98/0E6A0D678DEB01875EC28E8BF63_2E329989_15FDC.jpg
0BsgCmfAUhmpTg	uncertain	https://i.pinimg.com/originals/10/61/c4/1061c4cd5a8d08ea82bff4dd90fff4f4.jpg
0BYiahbM0lCsxg	uncertain	http://phototheque.lille.fr/fr/espace-decouverte/decouvrir-lille/500*332*/fs01/IEL01/60/f/501007180000000000000000_MEDIUM.jpg?t=20160713115821|900*598*/fs01/IEL01/60/f/501007180000000000000000_BIG.jpg?t=20160713115821
0DLvbl78VrabDw	uncertain	http://helenecallesen.com/wp-content/gallery/afdennejordbyggerjegmithus/afdennejord11170x700.jpg
0EPiWjW6nNLwPQ	uncertain	https://image.isu.pub/130627141623-302f9296f8674827b39655589d86184c/jpg/page_1.jpg
0Fs3ScRvPCs9uQ	uncertain	https://i.pinimg.com/originals/be/82/b1/be82b1347f6beaa70b68b48d29f32c6c.png
0GFzWKBEa10e1Q	uncertain	http://4.bp.blogspot.com/_rj2je6_G-Ao/S6D2IVLAnaI/AAAAAAAAFvY/1Vmz7U6wzHw/s400/margot-le-duff-matthieu+-girard-MA-maison-en-containers-AUTOCONSTRUCTION-VUE-02-RUCA-22-FRANCE-un-webreportage-www.container.li.jpg
0HUFzZXMEs469Q	uncertain	https://preview.redd.it/n15ga54y7z161.jpg?width=1125&format=pjpg&auto=webp&s=318fe693e1112ea0763d52be73f52d5e5dc0f81f
0JJYaCsTLi6c7A	uncertain	https://h24-original.s3.amazonaws.com/211113/26006253-edYkR.png?name=Konsol_007.jpg
0Krf73pOCWbahQ	uncertain	https://meeco.kr/files/attach/images/26392324/710/427/031/6504c883495af39fd46cbcf0e0b95459.png
0Oqnm3ZruhgUrA	uncertain	https://cdn.prod.www.spiegel.de/images/c7d00f55-9c56-44f1-950a-44246bbea6c5_w718_r2.8513189448441247_fpx44.13_fpy49.81.jpg
2OjstsPFOjcxhA	uncertain	https://www.palermo.edu/Archivos_content/2015/arquitectura/up_medios/160915_nota_699.jpg
4Ac8POi34bwdbA	uncertain	https://itbloginfo.com/wp-content/uploads/2020/09/1600159519_170_12-tro-choi-thoat-khoi-phong-truc-tuyen-hay-nhat.jpg
4FIgT7GK14I13g	uncertain	https://static.nexilia.it/giornalettismo/2018/07/Anna-Giudici-799x450.jpg
4O5rehn64pz4Vw	uncertain	https://image.slidesharecdn.com/benefitsofmetalroofingsystem-120730064602-phpapp02/95/benefits-of-metal-roofing-system-3-728.jpg?cb=1343631014
8A03ZjnyB9PnXA	uncertain	https://i.pinimg.com/originals/2e/82/32/2e823284b73124665346dbfa91cc4d84.png
8C8ZcjhyLkR32Q	uncertain	https://i.redd.it/tteehu3d7sg71.jpg
8Eu7sOZbX8qc7A	uncertain	https://i0.wp.com/www.tecnomarca.es/wp-content/uploads/2016/01/grabado-láser-cinturón-del-Partido-Popular.jpg?fit=980%2C490&ssl=1
8FjdOPZtBZkUuA	uncertain	https://i.pinimg.com/originals/49/7c/de/497cde594eed60fac3f40bc5f28ea3fb.jpg
AA0eU1MCbMbkuQ	uncertain	https://www.kitguru.net/wp-content/uploads/2018/07/P1100327-225x300.jpg
aAmGYba3cS0Bmw	uncertain	https://media1.popsugar-assets.com/files/thumbor/yw38o9KAqW7w_Fani91vM_0bs6Q/fit-in/1200x630/filters:format_auto-!!-:strip_icc-!!-:fill-!white!-/2015/08/19/785/n/1922507/49550149_edit_img_facebook_post_image_file_15775818_1437738600.png
ABS+S9+ErifbMg	uncertain	https://i.pinimg.com/736x/86/57/63/865763b6224c3202ed4ab5e465ae7e81.jpg
ADzL564MvtOg8g	uncertain	https://image.slidesharecdn.com/boekbespreking-mindthegapdefintief-121009160102-phpapp02/95/samenvatting-mind-the-gap-10-1024.jpg?cb=1349798789
aEXSvjlyd0lpcw	uncertain	https://i.pinimg.com/736x/88/55/1f/88551fe4d702d59a69ef18a25e305c9a.jpg
aGxzoOwgyB1JiQ	uncertain	https://www.glam.my/wp-content/uploads/2021/01/Untitled-design-2.jpg
aHh3VBb+oyzAEg	uncertain	https://images7.memedroid.com/images/UPLOADED876/5e891dad8cf19.jpeg
AJNnOXWmu+5n+g	uncertain	https://image.slidesharecdn.com/ghhormniodecrescimentoemalgumassituaesoindivduopodeapresentarresistnciaaogh-131122114439-phpapp02/95/gh-hormnio-de-crescimento-em-algumas-situaes-o-indivduo-pode-apresentar-resistncia-ao-gh-4-638.jpg?cb=1385120806
aL4m+nGKwZHJXw	uncertain	http://gi.esmplus.com/kkr707/967/images/1770de.jpg
aLHSD+RwSQSUWw	uncertain	https://media.musely.com/u/6a2c49d2-409d-4762-a01e-2506a0fc0030.jpg
ALxm5L8aXdZd1w	uncertain	https://docs.microsoft.com/en-us/dynamics365/customer-service/media/cs-analytics-publish-application.png
AMz1kAvpWb766A	uncertain	https://www.carmanualsonline.info/img/12/5649/w960_5649-18.png
ANGvgZ2instoPQ	uncertain	https://images-cdn.9gag.com/photo/an9bXvz_700b.jpg
aOqJPsHNbd0qZA	uncertain	https://super-ficcion.com/wp-content/uploads/2019/10/IMG_20191022_235502.jpg
aPiKwgzhNBO5RA	uncertain	https://optclean.com.br/wp-content/uploads/2017/07/onde-assistir-dragon-ball-super-001.png
cCWzeyhalaVHmQ	uncertain	https://46.media.tumblr.com/d7a9b55237b365f98533e4eaffdc96e9/tumblr_ot7pw4WPZf1wu8tuto3_540.gif
CFWq6xIkupcMMw	uncertain	https://i.pinimg.com/736x/30/79/cc/3079cc556156d2abe18744550bf59bb5.jpg
cFZ9j3u6QkJIiQ	uncertain	https://i.pinimg.com/originals/28/c3/e1/28c3e16b5bfd99b51fd4df235c84f02b.png
cG2MvvfeUIGOpw	uncertain	https://1.bp.blogspot.com/-MEGycQX-T74/WLL9JtmXgaI/AAAAAAABBAA/EWXhbRf74asVGak-_5Np3b_NpmraGnt5ACLcB/s72-c/Horoscop%2BCapricorn%2Bmartie%2B2017.jpg
cLpmCuYmejuZ+g	uncertain	https://cdn.shopify.com/s/files/1/0040/6842/files/compat.jpg?7258
EBc2UNG+68zheQ	uncertain	https://i2.wp.com/amanicolae.ro/wp-content/uploads/2019/10/cadouri-pentru-ea.png?fit=33%2C50
EDeFzAlpuLkbIw	uncertain	http://4.bp.blogspot.com/-OouuLSVpssk/UxHxMTXyzhI/AAAAAAAAAhI/4_Hp0tjyevY/w1200-h630-p-k-nu/Lagertha.gif
EFkYLli0U0LfVw	uncertain	https://www.sciencespo.fr/bibliotheque/sites/sciencespo.fr.bibliotheque/files/images/roman-photos/MINIcrush-a-la-bilbiotheque-VD_054.jpg
eGxXXDymLVi9Lg	uncertain	https://images.homedepot-static.com/productImages/9893d5ae-8946-4183-bce1-d6b3e686c139/svn/desert-steel-bird-feeders-409-106-64_300.jpg
eIAkdU8rN6kXJQ	uncertain	http://www.mebelstil.com/storage/images/tncp_73321407_2515591778509151_8711102031806332928_n.jpg
eJdfbut2YwHTog	uncertain	https://66.media.tumblr.com/108d468dab22cec94aec105a6902112a/tumblr_inline_nrpqz0Lh8h1rgfo0o_500.png
EL9vkbUXtZ1IYA	uncertain	http://i715.photobucket.com/albums/ww157/Wolfblood138/CIMG0322.jpg
eLBN9bfXPNj+HA	uncertain	https://image.slidesharecdn.com/pub903-estrelladelamuerte-090926165701-phpapp02/95/la-estrella-de-la-muerte-una-teora-sobre-la-extincin-de-especies-terrestres-que-debe-ser-verificada-y-profundizada-2-728.jpg?cb=1255418936
ENUqaCpsW6MiVw	uncertain	https://image.slidesharecdn.com/curriculumvitae-christiansalvatierra-130706172153-phpapp01/95/curriculum-vitae-christian-salvatierra-2-638.jpg?cb=1373131333
GCGtU0xrUTv3DQ	uncertain	http://2.bp.blogspot.com/-Rm9HHI3YyFw/Tu4bqjNvr3I/AAAAAAAAKb4/c766d1Y_ie0/s1600/Cover.jpg
GI1wEqOlIgG8Gg	uncertain	https://rabochaya-tetrad-i-uchebnik.com/j-1108x/d_16-p.jpg
gLNJVywofJJl+A	uncertain	http://2.bp.blogspot.com/-q5xmCB0STBo/TfPI9WJPRlI/AAAAAAAADUs/YVJ4a474E7U/w1200-h630-p-k-no-nu/3-CatInBlue.JPG
GLRvcMEkI58T8A	uncertain	https://image.isu.pub/140731102803-6cd9a48f22b4d6ae1036cd7f8baaddf4/jpg/page_21.jpg
gLxVbUpg7mSpWQ	uncertain	https://img.buzzfeed.com/buzzfeed-static/static/enhanced/webdr01/2013/2/20/15/enhanced-buzz-18769-1361393860-2.jpg
GLxYoSDz9BWNBQ	uncertain	https://i.servimg.com/u/f86/12/75/14/62/75278310.jpg
GNzaw8b3vQz3Eg	uncertain	https://image.slidesharecdn.com/1kcustomerspauldejoeignitersmeetup-130811215101-phpapp01/95/1k-customers-paul-dejoe-igniters-meetup-vorkspace-9th-sept-2013-hackerdojo-mountain-view-42-638.jpg?cb=1376258277
gOEtOi1Fs4wHKQ	uncertain	http://clearinghouse.starnetlibraries.org/470-thickbox_default/parachute-parade.jpg
GORI9eG8YLThjw	uncertain	https://www.mobygames.com/images/shots/l/630219-ayrton-senna-kart-duel-playstation-screenshot-winning-the.png
IBGKXaK3fAPIbw	uncertain	http://www.r-control.de/images/pm_bombera.jpg
IFnpOVqJJqI9Kg	uncertain	https://i.pinimg.com/736x/68/2d/77/682d77e8b6fd5e2b2cfa0c2af3700481.jpg
iG3hLMDyO2ZXFA	uncertain	https://1.bp.blogspot.com/--N5rh_g_ww4/WcmCTEmNLvI/AAAAAAAAkcs/0jEvNMuX3WgNSwm0ZT8R_TEJOagOsIc8QCLcBGAs/s1600/002251370001.jpg
iLZq8+d7riSMMA	uncertain	http://image.slidesharecdn.com/bimetmjekesoreshq1-131224025726-phpapp01/95/bimet-mjekesore-shq-25-638.jpg?cb=1387853915
iN5Eq5C0xWfXBw	uncertain	http://i100.photobucket.com/albums/m20/laurgentry/LauraEggplants.jpg
IOg2pZNzldMTIA	uncertain	https://i.pinimg.com/originals/90/6f/a7/906fa79e22b90b6ccec16b2bf0ee7770.png
iPaOt8xKMF69vA	uncertain	http://lh4.ggpht.com/-_xZlZU9ayH8/VKMQme5bjDI/AAAAAAAAEkE/GALdnfbIIq4/IMG_0604.JPG?imgmax=800
kA4EpoJsooWhTA	uncertain	http://www.risasinmas.com/wp-content/uploads/2013/10/El-amanecer-de-los-conejitos-suicidas-155x1024.jpg
kBoFTM6tlzKzWg	uncertain	http://media2.s-nbcnews.com/j/MSNBC/Components/Photo/_new/130703-trayvon-martin-629p.380;380;7;70;0.jpg
KBqLMSyMPN+tOw	uncertain	http://bradfrost.com/wp-content/uploads/2017/07/alert-768x122.png
KBvTGxBtQA3dhQ	uncertain	https://i.pinimg.com/736x/f6/79/42/f67942d0c1a1695303309839005c660b.jpg
kELe8wfEWngX2Q	uncertain	https://humansoftumblr.com/wp-content/uploads/2019/01/Screen-Shot-2019-01-13-at-8.48.43-AM.png
KGz+vlp8EoOl1w	uncertain	https://funnyfoto.org/wp-content/uploads/2017/11/pic_012_11_24_2017-2-640x658.jpg
KHvR4ApgOfh6MQ	uncertain	https://i.ibb.co/MfM0NhT/Screenshot-396.png
KJLQYAVgRD35yw	uncertain	http://2.bp.blogspot.com/-dQlRQKvgFCY/UBriLg2aQtI/AAAAAAAAERE/B5voR4FGhqY/s1600/Color+Inspiration+-+Orange+Seaweed.jpg
kK9p6kWYcYPqZA	uncertain	https://i1.sndcdn.com/artworks-000344190909-fix90t-t500x500.jpg
mBVVmgpcL4gfVA	uncertain	https://studioannajirina.nl/wp-content/uploads/2019/07/Tutorial_IG_highlights_1-800x869.jpg
MD1ZppWl3pyIqA	uncertain	https://s-media-cache-ak0.pinimg.com/736x/f9/c4/be/f9c4be6a87c2182053dde37efaded708.jpg
mDC6U5Qvnmz69A	uncertain	http://www.am-erker.de/dl/AmErker56_Cover.jpg
mGYNrvaGFXYjHQ	uncertain	https://simplebooklet.com/userFiles/a/3/9/6/8/9/8/d0wKfaFOb780zXivdeICNx/bg2b.jpg?_cbt=1607430455
mIlUOVQcnkEHvw	uncertain	https://assets.codepen.io/1196044/internal/screenshots/pens/BRBopY.default.png?fit=cover&format=auto&ha=false&height=540&quality=75&v=2&version=1491889365&width=960
MMDSz2ledjb2pQ	uncertain	https://blog.getlatka.com/wp-content/uploads/2020/01/word-image-24.png
MMSJ14djTh4HYw	uncertain	https://www.hundeschule-thuemer.de/s/cc_images/teaserbox_3272091.JPG?t=1488273541
MOq+EfN94x3GUw	uncertain	https://pic4.zhimg.com/v2-98110e3626ca02c3efaab0dca727df9b_r.jpg?source=1940ef5c
OCi1U133Srd5Yg	uncertain	https://ucarecdn.com/bcde9139-077d-4033-af29-438a40052a2b/editortab13.png
oEFEGaRmIk9H7Q	uncertain	https://em.wattpad.com/d87f1a6f0a6592a52947477865dc6c06867556d0/68747470733a2f2f73332e616d617a6f6e6177732e636f6d2f776174747061642d6d656469612d736572766963652f53746f7279496d6167652f617758723151595f4b5f446b6e513d3d2d3633362e313463346137663438656364343230363136373830373830333139302e6a7067?s=fit&w=720&h=720
OGb8TohboYmeAA	uncertain	https://i.redd.it/eoaho8zn1ia51.jpg
OGbYKcAAzbAHuA	uncertain	http://1.bp.blogspot.com/-hpX1rv5HG0Q/UEY4qvyvxOI/AAAAAAAACEw/M2VpeMYkOMs/s640/gsh_akD.jpg
oH0KEM7TFBKBjw	uncertain	https://i.pinimg.com/originals/d7/15/4b/d7154b5b415550c36cfe4e35a99c456f.jpg
OI8lwU5WycUXbw	uncertain	https://cdn.1min30.com/wp-content/uploads/blue/2010/06/pdg.jpg
oKFL0VyURD3DVg	uncertain	https://i.pinimg.com/originals/bd/73/d0/bd73d0faab623c5b7ed26ad3b741795a.jpg
OMGHysTXde6tlA	uncertain	https://media.musely.com/u/6fb3a715-8d43-45eb-a36a-25ffc6640649.jpg
OMheXWxyNZ3UDg	uncertain	https://i.pinimg.com/736x/a6/47/da/a647dabdb286e7d474af5ea2e26b6f85.jpg
OMtkZHKdIivzdw	uncertain	https://i.pinimg.com/736x/87/4c/de/874cde3844e7927ae4dfa43b4a7e6ab6.jpg
oNbxp9O4TpI72w	uncertain	http://www1.s-cat.ne.jp/miyaokaen/image182.gif
qAsryMILilKsPw	uncertain	https://1.bp.blogspot.com/--KaQhidItZw/XleZSo18hNI/AAAAAAAAJYI/6bLq4sopWAMknaqByT_s_j9tW9rRpUzTwCNcBGAsYHQ/s1600/harlem%2Briver.jpg
QB+bAau4vzzjfA	uncertain	http://www.bagcreativa.com/img/gallery/6.jpg
qDJJ4lhEOX5qrg	uncertain	https://cdn.shopify.com/s/files/1/0261/3941/products/28660693_2005591156376932_1014079902740538803_n_1024x1024.jpg?v=1524433233
QH7Dg0oULF4HqQ	uncertain	https://i.etsystatic.com/24574172/r/il/03d882/2933673034/il_1140xN.2933673034_1erz.jpg
QJiMaQcvOjqk6Q	uncertain	http://img.scoop.it/Ku3BbKcma2ErzV5JACzLMTl72eJkfbmt4t8yenImKBVvK0kTmF0xjctABnaLJIm9
qJKekQ++mkQFWw	uncertain	https://image.slidesharecdn.com/adspl-181020042010/95/stone-pony-logistics-1-638.jpg?cb=1540009787
qJU6ZMGskUqajQ	uncertain	https://cdn.memes.com/up/65979511597899183/i/1600959939076.jpg
QMvzyEeX0uz6hg	uncertain	https://selflevelling.net/images/modulyss/modulyss-white-black-serisi/modulyss-white-black.jpg
qPtp51ycKlcs5g	uncertain	https://i.etsystatic.com/18442637/r/il/2e054c/1792577007/il_fullxfull.1792577007_ezhv.jpg
qPycIojzghx2OA	uncertain	https://cimg2.ibsrv.net/gimg/ls1tech.com-vbulletin/1632x1224_1/photo_4_d4d6ecf2b4abc2813fb0a828d4a07f81ed09bcf8.jpg
SCbDVOWeCQou1A	uncertain	https://img1.etsystatic.com/139/0/8499921/il_75x75.1021030237_cfd9.jpg
sCwLQ7KkvY6R+Q	uncertain	http://2.bp.blogspot.com/_P4h7kgNA5FQ/TPgSBnzUTwI/AAAAAAAAEDY/Cm9BLE-pbx8/s1600/chatroulette_12-no-topless.jpg
SDRIp1jaGfld9Q	uncertain	https://img1.etsystatic.com/031/1/5167334/il_340x270.534356397_ka0t.jpg
sK0ruITrlqkOZA	uncertain	https://www.sciencepresse.qc.ca/sites/default/files/styles/large/public/medias/article/dt_fishnet_ok.jpg?itok=zTTe4pnV
SLQyYU3NY3D4Og	uncertain	http://www.jigokushoujo.com/img/common/btn_gnav_story.png
sNtDqHC4eIb9rw	uncertain	https://ic.pics.livejournal.com/bel_vlad/18124390/882570/882570_800.png
sOlff5lrLNWLmg	uncertain	https://1.bp.blogspot.com/-2gpeRLA_W08/YJj7Ct7sz_I/AAAAAAAAEyk/n71yxF7FTH0yx3NKvF6d5bfOKpyJur-XQCNcBGAsYHQ/s1200/Tutorial%2BTwibbon%2BStep%2B%25284%2529.png
UGZcj0DaxSxiXA	uncertain	https://images.samsung.com/pk/smartphones/galaxy-note20/images/galaxy-note20_highlights_dex_device.jpg
UIQZaaDdj3fhsQ	uncertain	https://i5.walmartimages.com/dfw/4ff9c6c9-d2a2/k2-_b9d80c4b-6661-47f2-b505-54567c12f378.v1.jpg?odnWidth=1360&odnHeight=600&odnBg=ffffff
uNB9gmZf3aO58Q	uncertain	http://feixandmerlin.com/wp-content/uploads/2015/04/141101-Peacock-Theatre-BDOnline-Planning-Granted-LSE-Sadlers-Wells-Feix-Merlin-Architects-Cover.jpg
UNNYOk50HYtL6g	uncertain	https://jiganet.com/wp-content/uploads/2019/03/gimp-1.jpg
uOdbc3x8PBYKKw	uncertain	https://image.slidesharecdn.com/animalsindisasters-090313152411-phpapp01/95/animals-in-disasters-5-728.jpg?cb=1236957862
UOMwBEb29hncnw	uncertain	https://i1.wp.com/www.coolcatteacher.com/wp-content/uploads/2014/01/Bev-Berns-Kim-Powell-teacher.png?resize=960%2C630
UPikm7jbm2QP1g	uncertain	http://www.illust-box.jp/db_img/sozai/00014/148480/thumb_20200914211536_5f5f5ee814ffb.png
uPSaS+QkiTn7SA	uncertain	https://i.pinimg.com/originals/95/7f/31/957f31dcaa1d666d8724b564b1b9c17e.png
wDn3NMt3HNYkUA	uncertain	https://1.bp.blogspot.com/-wLBOFTxTr_U/YFEivqEa28I/AAAAAAAAVVc/vExQBIks5lEnI5MeECcgpuZDRFgJ560_ACLcBGAsYHQ/w494-h640/Travis%2BCounty%2BPhoto%2Bcontest%2B2020-2021_Page_4.jpg
wFoKiLNh7oO86g	uncertain	http://1.bp.blogspot.com/-VwPMD8h_vsM/UUTuat_i-tI/AAAAAAAAEiw/IfbaH3kNdaQ/s1600/get-attachment.aspx.jpg
wG9UKs80F6O4Hw	uncertain	http://4.bp.blogspot.com/-rCr6zZjRXLA/UUJUbpaCs8I/AAAAAAAAErk/-gKYShkpe6w/s1600/final2.jpg
wJI4h2dyQQu28g	uncertain	http://3.bp.blogspot.com/-WIiD9O8lwd8/ViFn7In9TSI/AAAAAAAGhN8/T18qrNxk0ic/s1600/i3dbGtu7My9TU.png
WJt4YExXNOw48A	uncertain	https://i.pinimg.com/736x/14/43/89/144389d797f36b85865f390bcbaf160f.jpg
wLRlNoauazuJ2w	uncertain	http://accattone.be/wp-content/uploads/2016/06/IABF20_ListaExpositores3-scaled-e1581768000729.jpg
WLrnVvHEcKaBcQ	uncertain	https://image.slidesharecdn.com/cubtraining-141216121957-conversion-gate02/95/dot-net-online-training-cubtraining-5-638.jpg?cb=1418733120
WOmDGbu7h3+yLg	uncertain	https://misdinamicas.com/wp-content/uploads/2019/11/Ideas-de-actividades-originales-para-empresas-en-Madrid-portada-blog-300x300.jpg
YBDAAi8A+8NnXQ	uncertain	http://2.bp.blogspot.com/-Arfx4H2k7kg/VeCwtd2UBsI/AAAAAAAAoRY/-B-cd-8MDLs/w1200-h630-p-k-no-nu/P8280002-Editar.jpg
YCJz0chcbIiVVw	uncertain	https://i.etsystatic.com/10347017/r/il/7c9e79/1414305135/il_1588xN.1414305135_s6lt.jpg
yDCrYBHONc862A	uncertain	https://media.musely.com/u/e3d430f1-d377-4502-a507-63083dfc9860.png
YFyWbVrQK0sCMg	uncertain	https://image.rakuten.co.jp/auc-de-mer/cabinet/pctop/1bn387.jpg
YGoknBjvRiS6xQ	uncertain	https://thegioidienanh.vn/stores/news_dataimages/anhvu/082019/28/10/in_article/2637_03.jpg
yLdQMKQKzBsJZQ	uncertain	https://rabochaya-tetrad-i-uchebnik.com/j-1982x/d_20-p.jpg
YNAPEHr6tsqmxQ	uncertain	https://i.ytimg.com/vi/2iBM2ix0Aac/maxresdefault.jpg
YO6iWF+UhPGZfA	uncertain	https://s3.amazonaws.com/s3.supplyhouse.com/super_banner_images/desktop_sitewide_LaborDay_0918.jpg
