MUrl	label
https://th.bing.com/th/id/OIP.gZ7MungLMeJ8Vz7OSClMRgHaEo?w=267&h=180&c=7&r=0&o=5&pid=1.7	1
https://as1.ftcdn.net/v2/jpg/04/93/28/12/1000_F_493281267_KzzRNPaVrYE01QXq0dJV8Y7C02ocKuJy.jpg	1
http://unblast.com/wp-content/uploads/2018/11/Interface-Icons-2.jpg	1
https://i.pinimg.com/originals/90/e3/12/90e312c1efdbd6304bfc0f22a300c048.png	1
https://icon-library.com/images/apps-icon-android/apps-icon-android-19.jpg	1
https://cdn.dribbble.com/users/2257736/screenshots/5626040/__icon_03.png	1
https://cdn.pixabay.com/photo/2021/10/29/06/47/icons-6751206_1280.png	1
https://www.taganize.com/pilots/icons/images/icons.png	1
https://jocumpr.com.br/wp-content/uploads/2021/08/logo-pix-icone-1024.png	1
https://www.elegantthemes.com/blog/wp-content/uploads/2020/11/featured-free-icons.png	1
https://i.pinimg.com/originals/f1/23/30/f12330eee24daf1276ac4a2cf9fb49aa.png	1
https://img.itch.zone/aW1hZ2UvMTgyODMwOC8xMTQ5MDY1My5wbmc=/794x1000/94o0qT.png	1
https://cdn-icons-png.flaticon.com/512/180/180862.png	1
https://vectorified.com/images/free-icon-ico-23.png	1
https://i.pinimg.com/originals/ea/a7/2f/eaa72f89c11d28270da624edd2841bf1.png	1
https://img.freepik.com/free-vector/social-media-icons-vector-set-with-facebook-instagram-twitter-tiktok-youtube-logos_53876-126273.jpg	1
https://cms-assets.tutsplus.com/uploads/users/117/posts/20646/image/Flat_App_Icons_Set_2.jpg	1
https://cdn.icon-icons.com/icons2/2030/PNG/96/image_icon_124020.png	1
https://cdn.icon-icons.com/icons2/350/PNG/96/image-x-ico_36116.png	1
https://c8.alamy.com/comp/2GR09XG/laboratory-flasks-icon-simple-style-2GR09XG.jpg	1
https://c8.alamy.com/comp/2GMNHM7/test-tube-drop-badge-icon-medical-and-chemical-laboratory-2GMNHM7.jpg	1
https://cdn.icon-icons.com/icons2/2954/PNG/96/image_icon_184900.png	1
https://icons.iconarchive.com/icons/dominicanjoker/comic-publisher-folder/128/Icon-icon.png	1
https://cdn.icon-icons.com/icons2/2718/PNG/96/image_icon_174439.png	1
https://media.gettyimages.com/id/493653974/vector/literature-and-e-reading-icons-set-1-purple-line-series.jpg?s=612x612&w=gi&k=20&c=klVJCU2cP4QJs2O0xefl0zEtpWvEaJQ1VL0ZsBRRVwg=	1
https://cdn.icon-icons.com/icons2/2942/PNG/96/image_icon_183906.png	1
https://media.gettyimages.com/id/2030840222/vector/literature-review-gradient-solid-icon.jpg?s=612x612&w=gi&k=20&c=eX9b2geF0ZvWETXGeB17fJjZI6EMJZ2KPE89N6mdUAw=	1
https://www.shutterstock.com/image-vector/web-icon-set-home-location-260nw-2495354279.jpg	1
https://cdnl.iconscout.com/lottie/premium/preview/alien-animated-icon-download-in-lottie-json-gif-static-svg-file-formats--monster-logo-space-ufo-spaceship-set-01-pack-science-technology-icons-8083059.png?f=webp	1
https://media.gettyimages.com/id/518307725/vector/army-and-military-icon-set.jpg?s=612x612&w=gi&k=20&c=KzcffA-U_RQ8wo7Z6mN9YebOe134mHiv3LfkcXeOK-I=	1
https://cdn11.bigcommerce.com/s-wnu8ie26wu/images/stencil/1280x1280/products/405549/2680037/c3410aeea5f93744ae47e77833b3faaaL__72179.1729544367.JPG?c=1	1
https://media.gettyimages.com/id/1215119395/vector/medical-bill-invoice-illustration.jpg?s=612x612&w=gi&k=20&c=Ulejr0YnAsId_om8Gg78niq-sWn_fXr5z_9oDnA-2rU=	1
https://cdn.icon-icons.com/icons2/2943/PNG/96/image_icon_184009.png	1
https://media.gettyimages.com/id/1227600854/vector/financial-planning-thin-line-vector-icon-set-pixel-perfect-the-set-contains-icons-financial.jpg?s=612x612&w=gi&k=20&c=fRo71Y4qaacm-sZdR0ZJ1TvJyxZxuJMXLL-k4fxphAw=	1
https://media.gettyimages.com/id/638066216/vector/medical-bill-icon-on-flat-color-circle-buttons.jpg?s=612x612&w=gi&k=20&c=oEvGzh8-cEI88S8QmwPx3YL40dnZrI5CD6zmzbY-R7g=	1
https://www.shutterstock.com/image-vector/download-icon-vector-illustration-on-600nw-2491949297.jpg	1
https://cdn.icon-icons.com/icons2/38/PNG/96/smallicons_5319.png	1
https://cdn.icon-icons.com/icons2/46/PNG/96/icons_9618.png	1
https://c8.alamy.com/comp/2BKN7N2/buildings-line-icon-vector-illustration-2BKN7N2.jpg	1
https://c8.alamy.com/comp/2C602KN/flask-laboratory-icon-vector-illustration-flat-design-2C602KN.jpg	1
https://cdnl.iconscout.com/lottie/premium/preview/painting-equipment-animated-icon-download-in-lottie-json-gif-static-svg-file-formats--supplies-art-brushes-paint-gallery-pack-abstract-icons-8939062.png?f=webp	1
https://media.gettyimages.com/id/483291559/vector/military-silhouette-icons-1.jpg?s=612x612&w=gi&k=20&c=1ehI_gDvi2feex0IH8ypMASvl8WdO0SIttSJbYxQcuI=	1
https://media.gettyimages.com/id/503533276/vector/literature-and-e-reading-icons-set-1-black-line-series.jpg?s=612x612&w=gi&k=20&c=NyVxztu8GPcJQitWzUt2TNfuJpjX4fYHtoQR_khnNyk=	1
https://media.gettyimages.com/id/165032258/vector/war-military-icons.jpg?s=612x612&w=gi&k=20&c=Iv8I54MSmqx3UZj3V1gsGs2tvPiwXT420ODdF8Q9vPI=	1
https://media.gettyimages.com/id/472357699/vector/ebook-and-literature-icons-acme-series.jpg?s=612x612&w=gi&k=20&c=VMKAcp-yUV6Rrr1TY-jkcFbsDutvZM7Gf_b5Gf68C_A=	1
https://media.istockphoto.com/id/509536500/vector/wood-floor-icon.jpg?s=612x612&w=0&k=20&c=UbUE59OIYHNmA1wvNUTUise1cvZvFN2yg1LQHu03TM4=	1
https://cdn.iconscout.com/icon-pack/facebook-twitter-mockup/sportwear-icon-pack-download-in-svg-png-gif-file-formats--fashion-sport-clothes-clothing-man-sports-games-icons-302191.png	1
https://media.gettyimages.com/id/1212062236/vector/taxes-thin-line-icons-editable-stroke.jpg?s=612x612&w=gi&k=20&c=OzZdDKoHf0pfqnBCyPeN0pbqNd3Ikuq5A233aDSYJrs=	1
https://media.gettyimages.com/id/1391237786/vector/military-icons-set-editable-stroke.jpg?s=612x612&w=gi&k=20&c=VjnOPcQzEvRnkEmTFkL2C6GQPLbnNfoIkvjqZGBdQdE=	1
https://media.gettyimages.com/id/1086559020/vector/flower-icons.jpg?s=612x612&w=gi&k=20&c=SCDaxZUO1T-M21YM37skOf9RYp96LQwDAj7g-xLVvEA=	1
https://media.gettyimages.com/id/1213817869/vector/military-icon-set.jpg?s=612x612&w=gi&k=20&c=V7WWdRzQ7BixFixjMPTw1O7wiXZdQY5fGNyEmnRvxS0=	1
https://www.shutterstock.com/image-vector/leaves-thin-line-icon-set-260nw-2486857449.jpg	1
https://www.shutterstock.com/image-vector/security-awareness-icon-set-threat-260nw-2464687491.jpg	1
https://www.shutterstock.com/image-vector/quality-control-banner-web-icon-260nw-2122069625.jpg	1
https://icons.iconarchive.com/icons/custom-icon-design/pretty-office-4/128/ICO-icon.png	1
https://www.shutterstock.com/image-vector/qr-code-icon-mobile-phone-260nw-2466534905.jpg	1
https://media.istockphoto.com/id/1210390122/vector/happy-family-line-and-solid-icon-hugging-people-group-with-heart-shape-symbol-outline-style.jpg?s=612x612&w=0&k=20&c=vJsR3BjxDkYfYLofmVGyb2GP9q1BjtKtbR5Th9ezYag=	1
https://media.gettyimages.com/id/1390852567/vector/flower-icon-set.jpg?s=612x612&w=gi&k=20&c=LujvJjgIjDA7yeY2ObXPfEx7luOfJKaAwoMHgZxtN0I=	1
https://media.istockphoto.com/id/511316716/vector/tree-icon-concept.jpg?s=612x612&w=0&k=20&c=lIc-XKrYQ1CzKTAJczSUUYpsqa1q81UofnCSO3wWxMo=	1
https://www.logosc.cn/uploads/icon/2021/09/28/5632090f-3154-4b8d-948b-a7902c344a6f.png	1
https://hydrogenaud.io/themes/default/images/group_icons/icon.png	1
https://media.istockphoto.com/id/1227211406/vector/minivan-icon-on-checkerboard-transparent-background.jpg?s=612x612&w=0&k=20&c=KvW5Uebg03OqF4_uN7VrYf5GcfaTbdG0u0ki7FbW15Y=	1
https://i.pinimg.com/originals/5f/c7/c8/5fc7c8a596b4f6d5241ee19f2801366b.png	1
https://www.icons101.com/icon_png/size_128/id_83854/Tiled.png	1
https://media.istockphoto.com/id/1747314044/vector/polar-bear-icon.jpg?s=612x612&w=0&k=20&c=PmdD4goHTl1Hs-TcH-mX4_rWD-B0vRE8ltArty-yyiw=	1
https://thebluecashew.net/Themes/Blue_Evolution/images/membericons/icon.png	1
https://blog.thenounproject.com/wp-content/uploads/2022/07/symbols_common-symbols-and-meanings.png	1
https://abs.twimg.com/responsive-web/client-web/icon-ios.77d25eba.png	1
https://media.istockphoto.com/id/1354519302/vector/quad-bike-icon-black-silhouette-side-view-vector-flat-graphic-illustration-the-isolated.jpg?s=612x612&w=0&k=20&c=fU3KJwzDYw28l9_Gu1768EzAuhpr-fwRf1gnZDs3oWA=	1
https://cdn3.vectorstock.com/i/1000x1000/33/02/international-signs-icon-set-vector-2563302.jpg	1
https://freedesignfile.com/upload/2021/01/Traffic-signs-icon-set-vector.jpg	1
https://cdn5.vectorstock.com/i/1000x1000/77/89/flat-document-signing-icon-vector-15847789.jpg	1
https://www.designworkplan.com/media/pages/read/symbol-signs/7dc08c4223-1617288517/designworkplan_symbol_sign_collection-01.png	1
https://www.freeiconspng.com/uploads/road-sign-direction-png-6.png	1
https://cdn-icons-png.flaticon.com/512/66/66720.png	1
https://i.etsystatic.com/20079880/r/il/ca310e/2042729063/il_570xN.2042729063_jpak.jpg	1
https://as2.ftcdn.net/v2/jpg/01/00/25/69/1000_F_100256917_rMnBXV7vnv0ijAVU6xjeTjcf27hEFl0w.jpg	1
https://c8.alamy.com/comp/WJ4CD4/public-building-universal-icon-signs-shopping-center-information-signs-set-of-symbols-vector-WJ4CD4.jpg	1
https://www.scottishborderswebsitedesign.co.uk/blog/wp-content/uploads/2012/10/iconset1-comms-blue.jpg	1
https://mediablog.cdnpk.net/sites/5/2022/02/set-traffic-signs.jpg	1
https://cdn.iconscout.com/icon/premium/png-128-thumb/road-sign-9693918-7856889.png?f=webp	1
https://cdn1.vectorstock.com/i/1000x1000/55/00/icons-signs-symbols-and-pictograms-vector-885500.jpg	1
https://cdn-icons-png.flaticon.com/512/10093/10093327.png	1
https://images.freeimages.com/365/images/previews/5b4/150-free-vector-pictogram-icons-signs-and-symbols-31911.png	1
https://cdn.iconscout.com/icon/premium/png-256-thumb/login-icon-download-in-svg-png-gif-file-formats--lock-security-password-biometrics-pack-network-communication-icons-10644330.png?f=webp&h=224	1
https://cdn-icons-png.flaticon.com/256/16371/16371813.png	1
https://cdn.iconscout.com/icon/premium/png-256-thumb/login-icon-download-in-svg-png-gif-file-formats--lock-security-password-biometrics-pack-network-communication-icons-10644330.png?f=webp&w=512	1
https://www.shutterstock.com/shutterstock/photos/1493221430/display_1500/stock-vector-set-arrow-icon-collection-different-arrows-sign-black-vector-arrows-vector-1493221430.jpg	1
https://static.thenounproject.com/png/6907524-512.png	1
https://cdn-icons-png.flaticon.com/512/16371/16371813.png	1
https://cdn.iconscout.com/icon/premium/png-256-thumb/bird-home-icon-download-in-svg-png-gif-file-formats--pet-cage-aviary-feathered-birdhouse-symbol-pets-pack-animal-icons-10613043.png?f=webp&w=256	1
https://cdn-icons-png.flaticon.com/512/16406/16406293.png	1
https://media.istockphoto.com/id/1511157259/vector/grape-glyph-icon.jpg?s=612x612&w=0&k=20&c=4gpsjj8g0ReSZvgnokTyFbZh1NRguRHBmBdR7uMgEd8=	1
https://cdn.icon-icons.com/icons2/3392/PNG/96/sign_icon_213845.png	1
https://www.shutterstock.com/image-vector/person-icon-two-people-sign-260nw-2496502087.jpg	1
https://cdn.icon-icons.com/icons2/2718/PNG/96/sign_in_icon_174268.png	1
https://static-00.iconduck.com/assets.00/sign-icon-731x1024-08bqa7yn.png	1
https://thumbs.dreamstime.com/b/signage-icon-signboard-flat-symbol-illustration-isolated-background-vector-sign-182055726.jpg	1
https://cdn-icons-png.flaticon.com/512/7867/7867963.png	1
https://cdn0.iconfinder.com/data/icons/files-documents/512/YPS__file_document_to_sign_signature_signed_sign_sheet_contract_paper_page_text-512.png	1
https://cdn.pixabay.com/photo/2017/06/10/07/18/list-2389219_1280.png	1
https://www.pngitem.com/pimgs/m/71-719694_icons-checklist-computer-black-text-white-check-list.png	1
https://cdn5.vectorstock.com/i/1000x1000/70/49/list-icon-vector-14107049.jpg	1
https://icon-library.com/images/list-icon-png/list-icon-png-27.jpg	1
https://png.pngtree.com/png-clipart/20190520/original/pngtree-checklist-icon-png-image_3581456.jpg	1
https://freeiconshop.com/wp-content/uploads/edd/list-flat.png	1
https://webstockreview.net/images/checklist-clipart-icon-2.png	1
https://cdn.pixabay.com/photo/2017/01/31/13/45/checklist-2024181_1280.png	1
https://www.pinclipart.com/picdir/big/53-536469_clip-freeuse-task-todo-list-check-do-list.png	1
https://pics.freeicons.io/uploads/icons/png/10561782631553508655-512.png	1
https://png.pngtree.com/png-clipart/20221227/original/pngtree-checklist-icon-clipart-png-image_8811269.png	1
https://static.thenounproject.com/png/7369218-200.png	1
https://static.thenounproject.com/png/7369218-512.png	1
https://static.thenounproject.com/png/7372984-512.png	1
https://static.thenounproject.com/png/7354068-200.png	1
https://static.thenounproject.com/png/7357921-200.png	1
https://static.thenounproject.com/png/89044-200.png	1
https://cdn-icons-png.freepik.com/512/18237/18237252.png	1
http://www.clipartbest.com/cliparts/7Ta/6eR/7Ta6eRqLc.png	1
https://thumbs.dreamstime.com/b/curved-arrow-icon-vector-illustration-arrow-pointer-icon-curved-arrow-icon-vector-illustration-arrow-pointer-icon-vector-156067655.jpg	1
https://c8.alamy.com/comp/JNF6XE/road-traffic-signal-with-arrow-caution-JNF6XE.jpg	1
https://webstockreview.net/images/arrow-png-images-2.png	1
https://www.nonstopbonus.com/files/img/svg/icon-arrow-left-red.svg	1
http://clipart-library.com/images/8cxnL97zi.png	1
https://clipground.com/images/free-arrow-icons-clipart-6.jpg	1
https://png.pngtree.com/png-clipart/20190520/original/pngtree-arrow-icon-in-flat-style-arrow-symbol-web-design-logo-png-image_3548302.jpg	1
https://www.designworkplan.com/media/pages/read/free-vector-arrows/29145e1c5b-1617288465/designworkplan_vector_arrow_collection-01.png	1
https://2img.net/i/fa/i/smiles/icon_arrow.gif	1
https://www.webfx.com/wp-content/themes/fx/assets/img/footer/arrow-right.png	1
https://cdn-icons-png.flaticon.com/256/16578/16578499.png	1
https://free.clipartof.com/13-Free-Vector-Illustration-Of-A-Right-Arrow-Icon.png	1
http://upload.wikimedia.org/wikipedia/commons/4/45/Right-facing-Arrow-icon.jpg	1
https://images.pond5.com/clock-moving-arrows-white-background-footage-174707298_iconl.jpeg	1
https://w7.pngwing.com/pngs/398/644/png-transparent-arrow-computer-icons-arrow-icon-in-flat-style-arrow-symbol-web-design-logo-ui-illustration-gray-arrow-logo-miscellaneous-angle-web-design.png	1
https://www.kindpng.com/picc/m/562-5628110_right-arrow-symbol-arrow-share-icon-png-transparent.png	1
https://icon-library.com/images/arrows-icon-png/arrows-icon-png-0.jpg	1
https://images.template.net/398745/Arrow-Icon-edit-online.png	1
https://w7.pngwing.com/pngs/213/485/png-transparent-arrow-double-right-arrows-icon.png	1
http://clipart-library.com/images_k/arrow-icon-transparent/arrow-icon-transparent-3.jpg	1
https://visitlethbridgearena.ca/public/themes/MelcherCMS/img/arrow_left_icon.png	1
https://png.pngtree.com/png-clipart/20220719/original/pngtree-black-arrow-vector-design-set-png-image_8381027.png	1
http://clipart-library.com/images_k/arrow-icon-png-transparent/arrow-icon-png-transparent-8.png	1
http://pluspng.com/img-png/arrow-png-forward-arrow-filled-icon-1600.png	1
https://icon-library.com/images/arrow-icon/arrow-icon-28.jpg	1
https://images.pond5.com/stopwatch-flat-animation-icon-design-footage-249940979_iconl.jpeg	1
http://clipart-library.com/images_k/arrow-clip-art-transparent-background/arrow-clip-art-transparent-background-3.png	1
https://2.bp.blogspot.com/-_FUFTj-FcZI/WcPS3wYDv2I/AAAAAAAAC-M/1VPxccAUFEMgro278zd_YT9e07SOpDhxgCLcBGAs/s1600/arrow_filled1600.png	1
https://as2.ftcdn.net/v2/jpg/05/08/02/49/1000_F_508024902_hz0Zpx45sbqzIzBeuuEKfEq2qsWxUoA7.jpg	1
https://png.pngtree.com/png-clipart/20190516/original/pngtree-arrow-icon-in-flat-style-arrow-symbol-web-design-logo-png-image_3548331.jpg	1
https://i.pinimg.com/originals/e4/fd/af/e4fdaf86d3189073c522d510004a422e.png	1
https://www.shutterstock.com/image-vector/recycle-symbols-recycling-arrow-icons-260nw-2509768845.jpg	1
https://cdn3.vectorstock.com/i/1000x1000/39/77/right-arrow-icon-black-arrow-symbol-vector-27873977.jpg	1
https://png.pngtree.com/png-clipart/20190520/original/pngtree-vector-left-arrow-icon-png-image_4271240.jpg	1
https://webstockreview.net/images/clipart-arrow-red-6.png	1
https://vectorified.com/images/html-arrow-icon-20.png	1
https://images.pond5.com/creative-animation-red-arrows-moving-footage-255185184_iconl.jpeg	1
http://clipart-library.com/images_k/transparent-arrow-icon/transparent-arrow-icon-10.png	1
https://www.nicepng.com/png/detail/245-2454141_arrow-show-symbol-direction-right-next-characters-svg.png	1
https://www.freepnglogos.com/uploads/arrow-png/arrow-up-green-curved-transparent-image-31.png	1
https://image.shutterstock.com/z/stock-vector-arrows-icons-set-103389692.jpg	1
https://www.nicepng.com/png/detail/674-6745086_right-arrow-icon-clipart-computer-icons-arrow-clip.png	1
https://c8.alamy.com/comp/R905CE/arrows-rotating-clockwise-R905CE.jpg	1
https://www.freeiconspng.com/thumbs/arrow-icon/arrow-icon--myiconfinder-23.png	1
https://cdn1.vectorstock.com/i/1000x1000/88/85/right-arrow-icon-vector-21638885.jpg	1
https://pnghq.com/wp-content/uploads/creativity-euclidean-design-arrow-ppt-directory.png	1
https://cdn-icons-png.flaticon.com/256/16542/16542390.png	1
https://png.pngtree.com/png-clipart/20230509/original/pngtree-arrow-icon-design-png-image_9153667.png	1
https://www.shutterstock.com/image-illustration/arrow-facing-right-side-dots-260nw-2390852707.jpg	1
https://www.creativefabrica.com/wp-content/uploads/2019/03/Arrow-icon-by-ahlangraphic-151.jpg	1
https://redrowplc-co-uk-dev.azurewebsites.net/assets/images/PLC-icon.png	1
https://png.pngtree.com/png-clipart/20210328/original/pngtree-vector-download-icon-png-image_6168076.png	1
https://images.freeimages.com/fic/images/icons/118/radium_neue/256/bat_file.png	1
https://appsamurai.com/wp-content/uploads/2016/12/app-icon.jpg	1
https://seeklogo.com/images/S/Southern_Oregon_University-logo-AD3A27A26D-seeklogo.com.gif	1
https://tse1.mm.bing.net/th?q=Codes For Dti 2024 Roblox&w=1280&h=720&c=5&rs=1&p=0	1
https://icon-library.com/images/cellphone-icon-png/cellphone-icon-png-0.jpg	1
https://png.pngtree.com/png-clipart/20191121/original/pngtree-sea-waves-icon-simple-style-png-image_5146878.jpg	1
http://getdrawings.com/free-icon/plc-icon-54.png	1
https://i1.wp.com/windowscustomization.com/wp-content/uploads/image_2021-04-07_164416.png?resize=1180,1062&quality=80&strip=all&ssl=1	1
https://cdn3.iconfinder.com/data/icons/dental-health-2/24/braces_tooth-512.png	1
https://cdn1.vectorstock.com/i/1000x1000/18/65/jar-strawberry-jam-icon-cartoon-vector-36901865.jpg	1
https://w7.pngwing.com/pngs/150/625/png-transparent-artificial-intelligence-ai-chip-computer-technology-artificial-intelligence-icon.png	1
https://pngimg.com/uploads/question_mark/question_mark_PNG70.png	1
https://webstockreview.net/images/website-clipart-web-icon-4.png	1
https://uxwing.com/wp-content/themes/uxwing/download/web-app-development/mobile-app-icon.svg	1
https://cdn4.iconfinder.com/data/icons/evil-icons-user-interface/64/avatar-64.png	1
https://www.shutterstock.com/image-vector/home-automation-icon-set-smart-260nw-2533285033.jpg	1
https://cdn4.vectorstock.com/i/1000x1000/85/88/simple-black-single-man-icon-symbol-stick-figure-vector-10648588.jpg	1
https://thumbs.dreamstime.com/b/zoom-phone-screen-call-icon-smartphone-mockup-camera-web-app-ui-display-template-stock-image-eps-212959472.jpg?w=768	1
https://mockupden.com/wp-content/uploads/2021/04/Free-App-Icon-Mockup-PSD-Template.jpg	1
https://mondovidental.com/wp-content/uploads/sites/2/2024/09/dentures-icon.png	1
https://png.pngtree.com/png-clipart/20190516/original/pngtree-vector-shop-icon-png-image_3762863.jpg	1
https://cdn-icons-png.flaticon.com/512/6139/6139391.png	1
https://cdn4.vectorstock.com/i/1000x1000/77/98/flat-design-dollar-money-cash-icon-cash-vector-24347798.jpg	1
https://onextrapixel.com/wp-content/uploads/2017/03/33-Flat-Graphic-Design-Icons.jpg	1
https://flyclipart.com/thumbs/file-svg-company-white-icon-1167533.png	1
https://cdn.imgbin.com/17/3/12/imgbin-artist-painting-computer-icons-painting-Fc8A0hPMKGcMM5YmaLGguqqEL.jpg	1
https://www.svgrepo.com/show/368602/clipboard-tick.svg	1
https://st.depositphotos.com/1041273/1481/v/950/depositphotos_14812895-stock-illustration-art-icons.jpg	1
https://icon-library.com/images/icon-avatars/icon-avatars-17.jpg	1
https://openclipart.org/image/2400px/svg_to_png/175318/Theme-Icon.png	1
https://w7.pngwing.com/pngs/430/365/png-transparent-penny-arcade-adventures-on-the-rain-slick-precipice-of-darkness-episode-4-apple-id-app-store-apple-leaf-logo-desktop-wallpaper-thumbnail.png	1
https://vectorified.com/images/all-apps-icon-android-37.jpg	1
https://cdn.custom-cursor.com/packs/9736/roblox-pet-simulator-cat-cracked-egg-pack.png	1
https://images-wixmp-ed30a86b8c4ca887773594c2.wixmp.com/i/c09b6705-5d97-4f1b-abdb-4fbfebf6e0c7/d64o15z-242ca766-b329-465a-a3f5-1e55e4eeef0d.jpg	1
https://st.depositphotos.com/1041273/1837/v/950/depositphotos_18377031-stock-illustration-art-icons-set.jpg	1
https://www.shutterstock.com/image-vector/old-computer-browser-message-windows-600nw-2169856269.jpg	1
https://media.gettyimages.com/id/160535415/vector/computer-mouse-black-and-white-royalty-free-vector-icon-set.jpg?s=612x612&w=gi&k=20&c=YzrqfraISMhun9j5C6mSergkJQ0LGTrQMOrhm1CuGxA=	1
https://purepng.com/public/uploads/large/purepng.com-wifi-icon-bluewifi-iconwifiiconwireless-connection-1701528436179cpqjf.png	1
https://cdn.pixabay.com/photo/2021/07/02/04/48/user-6380868_1280.png	1
https://st3.depositphotos.com/1432405/16981/v/1600/depositphotos_169811746-stock-illustration-perfume-icon-set-simple-style.jpg	1
https://thumbs.dreamstime.com/b/green-icon-set-5258474.jpg	1
https://cdn.icon-icons.com/icons2/1206/PNG/512/1491254409-truecheckacceptapprove_82933.png	1
https://img.graphicsurf.com/2018/08/building-vector-free-icon-set2.jpg	1
https://icon-library.com/images/business-icon-png/business-icon-png-9.jpg	1
https://www.ows-germany.com/templates/ows-template/images/icon/icon-telefon.png	1
https://png.pngtree.com/png-clipart/20200224/original/pngtree-16-business-icons-for-personal-and-commercial-use-png-image_5202392.jpg	1
https://assets.stickpng.com/images/588a6507d06f6719692a2d15.png	1
https://www.slideteam.net/media/catalog/product/cache/1280x720/i/c/icon_for_magnetic_disk_in_memory_hierarchy_ppt_powerpoint_slide01.jpg	1
https://vectorified.com/image/telephone-icon-vector-17.jpg	1
https://cdn4.vectorstock.com/i/1000x1000/52/43/dental-clinic-icon-vector-12465243.jpg	1
https://cdn5.vectorstock.com/i/1000x1000/07/59/traffic-jam-icon-symbol-and-sign-isolated-vector-22010759.jpg	1
https://is1-ssl.mzstatic.com/image/thumb/Purple126/v4/4b/4f/ee/4b4fee5c-f68a-869a-2756-795efc3543df/source/512x512bb.jpg	1
https://cdn-icons-png.flaticon.com/512/29/29302.png	1
https://cdn-icons-png.flaticon.com/512/72/72074.png	1
https://webstockreview.net/images/website-clipart-web-icon-3.png	1
https://cmkt-image-prd.freetls.fastly.net/0.1.0/ps/844441/1160/772/m1/fpnw/wm0/_cover-color-.jpg?1449886118&s=7af4b67fa7dbf445c9d2a8c7fe6c851f	1
https://theme.hstatic.net/200000781139/1001293400/14/icon-product-promotion.png?v=89	1
https://cdngeneral.rentcafe.com/images/AppStore-icon.svg	1
https://cdn5.vectorstock.com/i/1000x1000/01/69/businesswoman-character-avatar-icon-vector-12800169.jpg	1
https://www.svgrepo.com/show/445983/save.svg	1
https://www.pinclipart.com/picdir/middle/16-161560_tick-icon-orange-clipart-check-mark-computer-icons.png	1
https://icon-library.com/images/books-icon-png/books-icon-png-29.jpg	1
https://static.wikia.nocookie.net/logo-timeline/images/2/26/York_University_%28Canada%29.svg/revision/latest?cb=20240806224605	1
https://www.svgrepo.com/show/219164/danger.svg	1
https://www.shareicon.net/download/2017/03/10/881017_money.svg	1
https://mir-s3-cdn-cf.behance.net/project_modules/max_1200/4e181310577649.560e743a9c930.jpg	1
https://thumbs.dreamstime.com/b/music-album-icon-filled-music-album-icon-website-design-mobile-app-development-music-album-icon-filled-essentials-157818193.jpg	1
https://www.kindpng.com/picc/m/112-1123883_transparent-dollar-sign-icon-png-green-dollar-sign.png	1
https://img.craftpix.net/2021/07/Free-Character-Avatar-Icons2.jpg	1
https://cdn1.iconfinder.com/data/icons/global-business-4/64/headquarter-1024.png	1
https://cdn4.vectorstock.com/i/1000x1000/28/38/flat-open-book-with-bookmark-circle-icon-long-vector-5312838.jpg	1
https://i.pinimg.com/originals/d8/e6/db/d8e6dbe072df372948b6a2e4247b636d.png	1
https://www.freeiconspng.com/uploads/colors-icon-4.png	1
https://www.freeiconspng.com/uploads/school-bus-icon-png-24.png	1
https://www.unigo.com/wp-content/uploads/2020/10/unigo-hp-main.jpg	1
https://thumbs.dreamstime.com/z/dental-icon-clean-teeth-shiny-tooth-illustration-isolated-white-web-sites-mobile-167061879.jpg	1
https://c.ndtvimg.com/2023-12/ssmnhdsg_gemini_625x300_07_December_23.jpg?im=FitAndFill,algorithm=dnn,width=773,height=435	1
https://img.freepik.com/premium-vector/coffe-aesthetic-logo-vector-icon-ilustration_658089-9592.jpg	1
https://assets.stickpng.com/thumbs/588a6507d06f6719692a2d15.png	1
https://img.freepik.com/premium-vector/avatar-icon_791764-318.jpg	1
https://www.shutterstock.com/image-vector/car-driver-vector-line-icon-260nw-1980126980.jpg	1
https://thumbs.dreamstime.com/z/business-icons-23024819.jpg	1
https://png.pngtree.com/png-vector/20230311/ourmid/pngtree-perfume-line-icon-vector-png-image_6644322.png	1
https://mysuptech.com/assets/img/logo.png	1
https://e7.pngegg.com/pngimages/439/918/png-clipart-planning-business-computer-icons-project-plan-plan-company-text-thumbnail.png	1
https://png.pngtree.com/png-vector/20220610/ourmid/pngtree-green-true-icon-vector-option-accept-mark-vector-png-image_31334358.jpg	1
https://png.pngtree.com/png-clipart/20190614/original/pngtree-vector-web-icon-png-image_3783209.jpg	1
https://w7.pngwing.com/pngs/482/444/png-transparent-light-bulb-icon-business-marketing-strategy-advertising-big-data-company-text-service-thumbnail.png	1
https://image.pngaaa.com/924/2274924-middle.png	1
https://cdn1.iconfinder.com/data/icons/pets-and-animals-5/96/bats-512.png	1
http://1.bp.blogspot.com/-pgqSLLWDoP4/UHwvjktwU-I/AAAAAAAACKA/Yngd2u0TQTA/w1200-h630-p-k-no-nu/app_logos.jpg	1
https://cdn5.vectorstock.com/i/1000x1000/17/49/dental-braces-icon-tooth-healthcare-sign-vector-8441749.jpg	1
https://media.istockphoto.com/id/148740437/vector/wild-west-cowboys-icon-set-mocha-series.jpg?s=612x612&w=0&k=20&c=pryCAx9KMGzRKNOZwjDScIBVs-keEcG3j9k4hr4iU-g=	1
https://static.thenounproject.com/png/7332853-200.png	1
https://www.slideteam.net/media/catalog/product/cache/560x315/c/h/change_implementation_plan_modules_testing_plan_ppt_powerpoint_presentation_icon_slide01.jpg	1
https://toolhunt.io/content/images/size/w30/2024/11/ai-175.jpg	1
https://png.pngtree.com/png-clipart/20220823/original/pngtree-man-vector-png-image_8482758.png	1
https://w7.pngwing.com/pngs/734/526/png-transparent-wi-fi-computer-icons-wireless-hotspot-symbol-miscellaneous-computer-network-internet.png	1
https://talknerdy2me.org/wp-content/uploads/2012/02/unigo-2.jpg	1
https://cdn.iconscout.com/icon-pack/preview/free-ai-icon-pack-download-in-svg-png-gif-file-formats--technology-artificial-intelligence-robotics-automation-robotic-brain-science-icons-210317.png?f=webp&h=240&modified_at=1712658520	1
https://www.pngkit.com/png/detail/991-9910088_music-png-icon-song-icon.png	1
https://www.shutterstock.com/shutterstock/photos/2145827375/display_1500/stock-vector-vector-line-icon-for-plc-2145827375.jpg	1
https://cdn-icons-png.flaticon.com/512/8376/8376179.png	1
https://www.uazuay.edu.ec/sites/default/files/public/2023-02/logo-uazuay-rectangular-640.jpg	1
http://clipart-library.com/new_gallery/150581_white-question-mark-png.png	1
https://cdn3.emoji.gg/emojis/82757-admin-icon-blue.png	1
https://cdn4.vectorstock.com/i/1000x1000/42/23/artist-icon-vector-9714223.jpg	1
https://cdn3.iconfinder.com/data/icons/education-business-part-2/513/59-1024.png	1
https://png.pngtree.com/png-vector/20230324/ourmid/pngtree-avatar-fillay-icon-vector-png-image_6666509.png	1
https://cdn1.iconfinder.com/data/icons/audio-video-photo-tiny-icons/16/single_picture-256.png	1
https://www.shutterstock.com/image-vector/islamic-window-frames-illustrations-collection-260nw-2317954685.jpg	1
https://www.psdgraphics.com/file/2017/business-icons-png.png	1
https://img.icons8.com/color/1600/avatar.png	1
https://c8.alamy.com/comp/RKM235/teacher-icon-vector-illustration-education-outline-RKM235.jpg	1
https://png.pngtree.com/png-vector/20190512/ourlarge/pngtree-bus-icon-png-image_1031466.jpg	1
https://www.pngmart.com/files/19/Smile-Emoji-PNG-Image.png	1
https://seeklogo.com/images/Y/yape-app-logo-1FD46D1120-seeklogo.com.png	1
https://icon-library.com/images/microsoft-ppt-icon/microsoft-ppt-icon-27.jpg	1
https://vectorified.com/images/powerpoint-presentation-icon-33.jpg	1
https://dynamic.brandcrowd.com/asset/logo/88601099-53ba-4b6d-9736-cfa6828760ac/logo-search-grid-1x?logoTemplateVersion=1&v=638671613904628133&text=Logo+Text+Here&slogan=Slogan+Here	1
https://png.pngtree.com/png-vector/20190214/ourlarge/pngtree-people-icon-business-corporate-team-working-together-social-network-png-image_448364.jpg	1
https://colormix.app/colors/65b79a.png	1
https://img.freepik.com/premium-vector/plc-programable-logic-controller-with-input-output-flat-design_496334-169.jpg	1
https://i.pinimg.com/originals/ea/80/74/ea807473f7deec6ad7b1b2d1cefadc03.png	1
https://cdn3.iconfinder.com/data/icons/funky/136/Gift-1024.png	1
https://cdn3.iconfinder.com/data/icons/pyconic-icons-3-1/512/gift-1024.png	1
https://static-00.iconduck.com/assets.00/ms-powerpoint-icon-2048x2048-ukbj438r.png	1
https://cdn-icons-png.flaticon.com/512/9342/9342051.png	1
https://cdn-icons-png.flaticon.com/512/888/888063.png	1
https://thumbs.dreamstime.com/b/basic-rgb-173112934.jpg	1
https://www.shutterstock.com/image-vector/image-photo-picture-gallery-icon-600nw-2226901169.jpg	1
https://toppng.com/uploads/preview/this-free-icons-design-of-matt-icons-album-cover-11553469325crexrsiytq.png	1
https://thumbs.dreamstime.com/z/business-colored-icon-set-vector-minimalist-different-symbols-background-61608586.jpg	1
https://slideuplift.com/wp-content/uploads/edd/2019/09/ItemID3286.jpg	1
http://cliparts.co/cliparts/kiK/Rgg/kiKRggaij.png	1
https://cdn2.iconfinder.com/data/icons/christmas-46/64/christmas-icon-gift-512.png	1
https://flyclipart.com/thumb2/black-save-icon-270504.png	1
https://icon-icons.com/icons2/916/PNG/512/Menu_icon_icon-icons.com_71858.png	1
https://icon-library.com/images/art-icon-vector/art-icon-vector-23.jpg	1
https://www.shutterstock.com/image-vector/incoming-call-phone-app-on-260nw-2470468879.jpg	1
https://www.svgrepo.com/show/490660/company.svg	1
https://www.pinclipart.com/picdir/big/119-1198839_bus-icon-transparent-portable-network-graphics-clipart.png	1
https://lh6.googleusercontent.com/proxy/RQJ9oJAHOIT3JtwEGUmsH77OLm5f0FxXplF029DT6YoLYgVPDyF8R-SE9SG-_gQ74KVk7rtb__M4koXv8xtPcrWKV0aKQSwRlrnOjbzR2FJsjvK9Kjf6=s0-d	1
https://c8.alamy.com/comp/HR50F2/icon-business-vector-set-colorful-HR50F2.jpg	1
https://www.shutterstock.com/image-vector/button-icons-for-acceptedrejected-approveddisapproved-600nw-1452245774.jpg	1
https://w7.pngwing.com/pngs/621/487/png-transparent-website-development-world-wide-web-internet-computer-icons-web-standards-government-services-web-design-trademark-orange.png	1
https://png.pngtree.com/png-vector/20190307/ourmid/pngtree-vector-open-book-icon-png-image_781108.jpg	1
https://cdn2.vectorstock.com/i/1000x1000/12/36/company-building-gradient-round-icon-vector-8301236.jpg	1
https://static.wikia.nocookie.net/bfdia-roblox/images/5/5a/TV_-_In_Game.jpg/revision/latest?cb=20241111222950	1
https://cdn-icons-png.flaticon.com/512/9750/9750934.png	1
https://png.pngtree.com/png-clipart/20200727/original/pngtree-sea-and-ocean-waves-vector-linear-icons-set-png-image_5237144.jpg	1
https://cdn-icons-png.flaticon.com/512/9855/9855503.png	1
https://cdn2.vectorstock.com/i/1000x1000/09/16/car-icon-vector-22880916.jpg	1
https://cdn-icons-png.flaticon.com/512/8893/8893111.png	1
https://cdn1.vectorstock.com/i/1000x1000/14/50/gift-icon-solid-logo-download-vector-24171450.jpg	1
https://cdn3.iconfinder.com/data/icons/business-ii-1/100/20-512.png	1
https://storage.needpix.com/rsynced_images/building-2696768_1280.png	1
https://img.php.cn/upload/article/001/246/273/173147724341391.jpg	1
https://thumbs.dreamstime.com/z/set-green-icons-11205085.jpg	1
https://vectorified.com/images/roblox-icon-18.png	1
https://icon-library.com/images/perfume-bottle-icon/perfume-bottle-icon-4.jpg	1
https://freepngimg.com/download/business/60781-commerce-service-business-icons-of-company-chamber.png	1
https://www.pngall.com/wp-content/uploads/8/Red-Warning-PNG-Image.png	1
https://file.xieniao.com/demo/5emd7ffgu/html/images/menu-icon.png	1
https://mir-s3-cdn-cf.behance.net/project_modules/fs/e4461e127679347.61471058656fb.jpg	1
https://www.shutterstock.com/image-vector/phone-error-icon-warning-vector-260nw-2442808083.jpg	1
https://www.shutterstock.com/shutterstock/photos/2133348541/display_1500/stock-vector-vector-set-of-linear-icons-related-to-business-process-team-work-and-human-resource-management-2133348541.jpg	1
https://img.freepik.com/free-vector/colorful-abstract-icon-organization-icon-logo-design_474888-3731.jpg	1
https://www.citypng.com/public/uploads/preview/png-black-cost-effective-saving-icon-31631892911oagdawqscg.png	1
https://i.pinimg.com/originals/3d/fb/da/3dfbdaf49e54e9e0a5d414e16b3763c0.jpg	1
https://aecolors.com/images/search.png	1
https://c8.alamy.com/comp/RXFMAC/school-bus-icon-in-flat-style-autobus-vector-illustration-on-white-isolated-background-coach-transport-business-concept-RXFMAC.jpg	1
https://thumbs.dreamstime.com/b/icons-sea-ships-travel-white-black-background-marine-theme-53697457.jpg	1
https://openclipart.org/image/2400px/svg_to_png/218662/Download-Button.png	1
https://i.pinimg.com/564x/4d/d4/9b/4dd49b7fc66bb6cc84262060ca534118.jpg	1
https://tlrproducts.com.au/wp-content/uploads/2023/02/Car_Icon.png	1
https://vectorified.com/images/free-gift-icon-9.jpg	1
https://icon-library.com/images/ai-icon/ai-icon-1.jpg	1
https://thumbs.dreamstime.com/z/vector-illustration-art-icon-set-included-icons-as-artist-color-paint-sculpture-statue-image-old-master-artistic-more-112895428.jpg	1
https://e7.pngegg.com/pngimages/371/363/png-clipart-artist-painting-computer-icons-painting-palette-black.png	1
https://openclipart.org/image/2400px/svg_to_png/192461/bet-one.png	1
https://gallery.yopriceville.com/var/albums/Free-Clipart-Pictures/Fruit-PNG/Orange_PNG_Vector_Clipart_Image.png?m=1434509701	1
https://wallpapercave.com/wp/wp6398295.jpg	1
https://image.freepik.com/free-icon/perfume-spray-container_318-50042.jpg	1
https://darkroom.co/assets/images/posts/2023-01-app-icons-variations.jpg	1
https://www.shutterstock.com/image-vector/editable-plant-tree-seedling-go-260nw-2531031585.jpg	1
https://vectorified.com/images/color-wheel-icon-6.png	1
https://raw.githubusercontent.com/DataDog/integrations-extras/master/pliant/images/webhook_Search.png	1
https://img.freepik.com/free-vector/business-icons-collection_1270-6.jpg	1
https://cdn.iconscout.com/icon/premium/png-256-thumb/plc-board-1480749-1253748.png	1
http://clipart-library.com/new_gallery/205-2052057_gift-icon-comments-vector-gift-icon-png.png	1
https://icon-library.com/images/download-icon-file/download-icon-file-25.jpg	1
https://thumbs.dreamstime.com/z/tooth-smile-teeth-collection-blue-dentistry-dentist-logo-dental-care-icon-s-health-139654991.jpg	1
https://i.pinimg.com/736x/78/f0/76/78f076302d0e47cc2724b7cd5d021c13.jpg	1
https://www.freeiconspng.com/uploads/free-business-person-icon-33.jpg	1
https://media.karousell.com/media/photos/products/2018/03/30/the_peak_magazine_icon_magazine_the_rake_magazine_revolution_magazine_robb_report_singapore_magazine_1522394384_ce0587ea0	1
https://cdn3.iconfinder.com/data/icons/team-management/136/19-512.png	1
https://www.slideteam.net/media/catalog/product/cache/1280x720/b/i/biodegradable_waste_icon_for_green_living_ppt_slides_slide01.jpg	1
https://assets.awwwards.com/awards/external/2017/07/59689d145e8ac.jpg	1
https://i.pinimg.com/736x/41/be/1e/41be1e670b7e593b236beb2a11f58878.jpg	1
https://png.pngtree.com/png-clipart/20230502/original/pngtree-danger-sign-flat-icon-png-image_9133214.png	1
https://uplandsoftware.com/localytics/wp-content/uploads/app-icon-symbol.jpg	1
http://learnandserve.org/wp-content/uploads/2023/09/car-icon.png	1
https://cdn-icons-png.flaticon.com/512/5368/5368595.png	1
https://thumbs.dreamstime.com/z/check-mark-icon-circle-tick-symbol-transparent-background-vector-web-icon-check-mark-icon-circle-tick-symbol-139432416.jpg	1
https://png.pngtree.com/png-clipart/20230423/original/pngtree-hand-draw-double-bus-icon-png-image_9081174.png	1
https://az379555.vo.msecnd.net/images/menu_icon_black.svg	1
https://cdn4.vectorstock.com/i/1000x1000/41/98/a-round-green-check-mark-icon-vector-42404198.jpg	1
https://www.bbscollegenepal.com/wp-content/uploads/2021/09/tribhuvan-university-logo-1.png	1
https://www.nvidia.com/content/dam/en-zz/Solutions/geforce/news/dlss-3-empire-of-the-ants-planet-coaster-2/dlss-3-empire-of-the-ants-planet-coaster-2-ogimage.jpg	1
https://pngimg.com/uploads/phone/phone_PNG49047.png	1
https://seeklogo.com/images/R/rolling-stones-danger-logo-ED90457EB3-seeklogo.com.png	1
https://www.pngall.com/wp-content/uploads/12/Save-PNG-Image-File.png	1
https://uom.lk/sites/default/files/academic/pro_image/SJP.png	1
https://cdn.icon-icons.com/icons2/1909/PNG/512/4544843-business-comerce-delivery-shop-trolley_121443.png	1
https://img.freepik.com/premium-vector/crescent-moon-vector-illustration-moon-icon-clouds_1032628-456.jpg?w=1060	1
http://clipart-library.com/images_k/transparent-background-smiley-face/transparent-background-smiley-face-21.png	1
https://i.pinimg.com/736x/2a/9f/c0/2a9fc0daab9ffd1442d1f7aed38fb05f.jpg	1
https://e7.pngegg.com/pngimages/527/663/png-clipart-logo-person-user-person-icon-rectangle-photography.png	1
https://cdn3d.iconscout.com/3d/premium/thumb/coffee-cup-3d-icon-download-in-png-blend-fbx-gltf-file-formats--hot-beverage-food-delivery-service-pack-drink-icons-6257357.png	1
https://www.iconsdb.com/icons/download/gray/date-to-512.png	1
https://pngset.com/images/datetime-icon-free-download-clock-packs-date-time-icons-time-and-date-text-calculator-electronics-number-transparent-png-542721.png	1
https://icon-library.com/images/date-icon/date-icon-14.jpg	1
https://img.freepik.com/premium-vector/vector-design-corner-desk-icon-style_822882-363263.jpg?w=1380	1
https://w7.pngwing.com/pngs/282/806/png-transparent-building-computer-icons-building-office-building-angle-building-text.png	1
https://thumbs.dreamstime.com/z/vector-web-icons-design-kit-based-website-115648832.jpg	1
https://i.pinimg.com/originals/c9/d6/f8/c9d6f8714d9b6214925f2499ba7e7af8.jpg	1
https://c8.alamy.com/comp/GKTB55/swimming-pool-ladder-thin-line-icon-GKTB55.jpg	1
https://winaero.com/blog/wp-content/uploads/2015/05/Download-Windows-10-build-10125-icons.png	1
https://www.svgrepo.com/show/446503/avatar-portrait.svg	1
https://e7.pngegg.com/pngimages/174/399/png-clipart-northern-giraffe-face-euclidean-facial-expression-icon-cute-giraffe-and-facial-expressions-animals-smiley-thumbnail.png	1
https://cdn-icons-png.flaticon.com/512/3851/3851175.png	1
https://cdn.custom-cursor.com/packs/9736/roblox-pet-simulator-cat-cracked-egg-pack-652x652.jpg	1
https://www.kindpng.com/picc/m/219-2198111_apps-icons-png-social-media-apps-logos-png.png	1
https://pngimg.com/uploads/question_mark/question_mark_PNG130.png	1
https://hotpot.ai/designs/thumbnails/app-store-icon/2.jpg	1
https://www.citypng.com/public/uploads/preview/save-to-folder-download-icon-png-116645005514cvquvxxqr.png	1
http://www.freeiconspng.com/uploads/phone-icon-16.png	1
https://www.slideteam.net/media/catalog/product/cache/560x315/i/c/icon_for_sprint_review_meeting_in_organization_ppt_sample_slide01.jpg	1
https://cdn-icons-png.flaticon.com/512/1693/1693746.png	1
https://w7.pngwing.com/pngs/101/91/png-transparent-perfume-computer-icons-fragrance-oil-fashion-eau-de-cologne-parfume-miscellaneous-cosmetics-black.png	1
https://cdn-icons-png.flaticon.com/512/5381/5381139.png	1
https://img.freepik.com/premium-vector/emoji-big-icon-collection-vector-illustration_1059745-838.jpg?w=996	1
https://img.freepik.com/premium-vector/vector-design-retailshop-icon-style_822882-373123.jpg?w=826	1
https://c8.alamy.com/comp/M1BMP4/tooth-logo-dental-clinic-icons-set-simple-style-M1BMP4.jpg	1
https://cdn3d.iconscout.com/3d/premium/thumb/head-avatar-3d-icon-download-in-png-blend-fbx-gltf-file-formats--technology-futuristic-cyber-cyberpunk-noir-pack-science-icons-10541872.png?f=webp	1
https://stampcircuit-images.s3.eu-central-1.amazonaws.com/StampCircuit/vi-icon.png	1
https://flyclipart.com/thumb2/gift-icon-small-flat-iconset-paomedia-809850.png	1
https://cdn4.iconfinder.com/data/icons/baseball-coral-vol-1/256/Batting_Cage-1024.png	1
https://images.creativemarket.com/0.1.0/ps/3687941/2340/1560/m1/fpnw/wm0/01_web-design-and-development-website-vector-icon-design-line-.jpg?1512463288&s=5eb68800d432336a34bfa74f3935ccb0	1
https://c.ndtvimg.com/2024-11/97029828_cbse_625x300_05_November_24.jpg?im=FeatureCrop,algorithm=dnn,width=1200,height=738	1
https://gd-hbimg.huaban.com/baed8f9072cb4b31267ab3e0bb974458f99c2448186c3-Cy8LwG_fw240	1
https://cdn2.iconfinder.com/data/icons/budicon-user/16/32-user_-_single-512.png	1
https://cdn11.bigcommerce.com/s-wnu8ie26wu/images/stencil/1280x1280/products/405549/2680039/095dac121cdb61462a9c2173343bb0c8L__44613.1729544368.JPG?c=1	0
https://cdn.fazwaz.com/wbr/B7xCqEYjsZmXUjgvAzUXe8_IHgE/0x0/project/106946/supalai-icon-sathorn-duplex-reva.jpg	0
https://images.pond5.com/tattoo-artist-photo-025869696_iconl_nowm.jpeg	0
https://i.ebayimg.com/images/g/lucAAOSwM5ZnNQ5Y/s-l400.jpg	0
https://media.gettyimages.com/id/1076731978/photo/blue-and-pink-abstract-painted-watercolor-illustration.jpg?s=612x612&w=gi&k=20&c=ZhEn0DULoAE7Pp0BTHsAzvZQRAkm1OvX_L6FeilJvdQ=	0
https://vectorified.com/images/plc-icon-28.jpg	0
https://www.metallica.com/on/demandware.static/-/Sites-met-storefront-en/default/dw4abe00a7/images/menu-band-history.jpg	0
https://imgcdn.stablediffusionweb.com/2024/9/6/248f7174-823c-400e-a58d-e8a0b20ee818.jpg	0
https://64.media.tumblr.com/72fde065de2ba02b47c9c2b7e5248f4c/e7c9ebb12cbf3579-14/s1280x1920/edad7c05b02cd22024e447b30c376951b37c7729.jpg	0
https://www.shutterstock.com/image-photo/street-lamp-on-classic-building-260nw-2540804605.jpg	0
https://images.bild.de/672d9d24048fa103a43c38d4/88a671aa2c805653a8d4531b484ee505,874a810c?w=992	0
https://www.arch2o.com/wp-content/uploads/2019/01/Arch2O-best-universities-in-the-world-to-study-architecture-5.jpg	0
https://c.ndtvimg.com/2024-11/rekchuoo_fake-irs-_625x300_12_November_24.jpg?im=FaceCrop,algorithm=dnn,width=1200,height=675	0
https://down-id.img.susercontent.com/file/id-11134201-7rask-m26zzazgign4b4	0
https://cdn.i-scmp.com/sites/default/files/d8/images/canvas/2023/07/20/aeb5f8d2-d829-4b91-8381-ca63abee791c_12907cfd.jpg	0
https://static.sph.com.sg/uploads/2023/09/SerinaLee-AydenSng.jpg	0
https://www.usnews.com/object/image/00000193-1d03-dfc8-a99f-5d8bff7e0000/2024-cadillac-ct4-v-001.jpg?update-time=1731358620988&size=responsiveGallery	0
https://4.bp.blogspot.com/-QaUajspvZtw/T_bJHGGqVRI/AAAAAAAAB5M/L6BWjD9ibpE/s1600/engineVWbusphotos.jpg	0
https://i.pinimg.com/736x/85/78/1d/85781df1f652cd844cc96d268a8d6c4b.jpg	0
https://www.gosugamers.in/wp-content/uploads/2024/11/roblox-hollowed-spectral-class-1024x576.webp	0
https://i.ebayimg.com/images/g/FFAAAOSwFp5nNQ4U/s-l960.jpg	0
https://i.pinimg.com/originals/2a/9a/a2/2a9aa2765b453d34bf23f0b253ebbcb3.jpg	0
https://masori.de/cdn/shop/files/Focal-FPX4_800-4-Kanal-Verstarker-Masori_de-3.webp?v=1722104737	0
https://www.iugo.co.nz/wp-content/uploads/sites/4/2022/09/IMG_0431E-1536x1001-1-scaled-1.jpg	0
https://www.shutterstock.com/image-photo/tel-aviv-israel-january-10-260nw-2411338675.jpg	0
https://images-static.nykaa.com/media/catalog/product/tr:h-800,w-800,cm-pad_resize/3/e/3e77ebbSG278_1.jpg	0
https://c.ndtvimg.com/2024-11/vtpjcs48_as_625x300_12_November_24.jpg?im=FaceCrop,algorithm=dnn,width=773,height=435	0
https://i.pinimg.com/originals/b4/a6/ed/b4a6ed39239306526eff6a2bdbda7e1a.jpg	0
https://media.boohoo.com/i/boohoo/ydd17812_multi_xl/unisex-multi-metallic-muse---the-muse-icon-palette/?w=900&qlt=default&fmt.jp2.qlt=70&fmt=auto&sm=fit	0
https://img.mlbstatic.com/milb-images/image/upload/t_2x1/t_w1536/milb/uowvvlrahbfvildif8ng.jpg	0
https://images.pond5.com/multi-color-animation-motion-high-footage-113992205_iconl.jpeg	0
https://cdn.media.amplience.net/s/hottopic/32602590_hi?$productMainDesktop$&fmt=auto	0
https://www.stoneadd.com/photo/upload/marketing/Diamond-Arrow-Granite-Slab-Polished-Granite-Slabs-with-Top-Quality20191028174211.jpg	0
https://cdn11.bigcommerce.com/s-wnu8ie26wu/images/stencil/1280x1280/products/405549/2680037/c3410aeea5f93744ae47e77833b3faaaL__72179.1729544367.JPG?c=1	0
https://cdn11.bigcommerce.com/s-96s74wyk1h/images/stencil/1280x1280/products/80888/118078/tc539__76345.1731584098.jpg?c=1&imbypass=on	0
http://sun9-51.userapi.com/impf/c627926/v627926738/13ab8/YJ86F7CeNuE.jpg?size=537x604&quality=96&sign=cbd7c2f1e040372701c4fd728c8772ae&type=album	0
https://m.media-amazon.com/images/I/81gT4QHWcVL.jpg	0
https://www.royalcaribbeanblog.com/sites/default/files/styles/mobile_1x/public/2023-09/RCI_OA_122019_CC_YouthFam_HENDEL_RockWall_Abyss_074A3299_RET_CMYK.jpg.webp?itok=_WKA6PfR	0
https://assets.dm.rccl.com/is/image/RoyalCaribbeanCruises/royal/data/ports/puerto-costa-maya-mexico/costa-maya-mexico-chacchoben-mayan-ruins.jpg?$1440x600$	0
https://www.royalcaribbeanblog.com/sites/default/files/styles/mobile_1x/public/fb/RCI_NV_JuniorSuite-Living2R.jpg.webp?itok=qiAdD7Ur	0
https://i.pinimg.com/originals/16/38/7f/16387fe06a20fca11323cacc025e6ac5.jpg	0
https://i.pinimg.com/736x/a5/5d/59/a55d59699f3ffaf0cf150bf12e39ac11.jpg	0
https://i.ytimg.com/vi/GkjLM8JgtwU/maxres2.jpg?sqp=-oaymwEoCIAKENAF8quKqQMcGADwAQH4Ac4FgAKACooCDAgAEAEYZSBVKEgwDw==&rs=AOn4CLAA6mP50sGz97XcEOIUX5hOwZH1sQ	0
https://i.pinimg.com/originals/f2/57/fb/f257fbb88d9447cff9f7dc437507651f.jpg	0
https://images.lifestyleasia.com/wp-content/uploads/2018/12/04160050/43170994_119810472347446_5274870391688785013_n.jpg	0
https://nabangkok.com/wp-content/uploads/2019/07/Icon-siam-4.jpg	0
https://images.indianexpress.com/2020/11/Royal-Caribbean_1200.jpg	0
https://i.pinimg.com/originals/d2/78/48/d278487951a24f9bad96700e0e107b9f.jpg	0
https://cdna.artstation.com/p/assets/images/images/050/122/194/large/wolf-yuni.jpg?1654103331	0
https://i.pinimg.com/736x/67/b4/ab/67b4ab9054a8261fbf24538d74e74dd5.jpg	0
https://kccyclehelmetworld.com/wp-content/uploads/2015/11/Icon-Airframe-pro-Harbinger.jpg	0
https://dclfan.com/wp-content/uploads/2022/10/rci-icon-of-the-seas-feature.jpg	0
https://robbreport.com/wp-content/uploads/2024/03/2.-1704918218_DJI-0792.jpg?w=1024	0
https://thumbs.dreamstime.com/z/icon-siam-shopping-mall-night-bangkok-thailand-sep-water-front-159127016.jpg	0
https://cruises.allinclusiveoutlet.com/images/web/1/724/shp/ship_sm.jpg	0
https://images-static.nykaa.com/media/catalog/product/tr:h-800,w-800,cm-pad_resize/2/3/23af5f910712908A5616_0.jpg	0
https://cheapcruisesandtravels.com/wp-content/uploads/2022/11/Royal_Caribbean_Icon_of_the_Seasons_2024-scaled.jpg	0
https://www.mbmfacades.com/wp-content/uploads/2022/05/Hermes_Icon-Siam.02.jpg	0
https://thepointsguy.global.ssl.fastly.net/us/originals/2022/10/20221019_ICON-OF-THE-SEAS-Renderings_Royal-Caribbean_aft.jpg?width=2048	0
https://p16-sign-sg.tiktokcdn.com/tos-alisg-p-0037/oszTPCqzyACFXRtfhgMI5AEUBAZBNYZwKKIgvx~tplv-photomode-video-share-card:630:630:20.jpeg?lk3s=b59d6b55&x-expires=1732039200&x-signature=oDXLAVQJPcr7zs%2FI15%2BoVMg3I7A%3D&shp=b59d6b55&shcp=-	0
https://i.pinimg.com/736x/16/dc/5e/16dc5e9ece193392978b52bf142262d1.jpg	0
https://images.esellerpro.com/2189/I/602/725/lrgscale26260-Icon-Airflite-Raceflite-Motorcycle-Helmet-And-Visor-1200-0.jpg	0
https://assets.dm.rccl.com/is/image/RoyalCaribbeanCruises/royal/data/ports/ishigaki-japan/overview/ishigaki-japan-kabira-bay-clear-water.jpg?$1440x600$	0
https://wallpaperaccess.com/full/5680761.jpg	0
https://i.ytimg.com/vi/9b4T9Jhmlo4/maxresdefault.jpg	0
https://www.buscaderomotorcycles.com/cdn/shop/collections/tools-155505.jpg?v=1718245656&width=3200	0
https://img.wongnai.com/p/1920x0/2018/11/16/fc5f0010a0474cf49f487710d7d65d37.jpg	0
https://i.pinimg.com/736x/15/5f/f1/155ff155a1f4dc7cd3612ddcd315a483.jpg	0
https://i.pinimg.com/736x/82/41/89/824189a80cc2d2ff03e05198b608f660.jpg	0
https://www.usnews.com/object/image/00000193-2797-d24e-abb3-27f7a7380000/11-excursions-private-journeys-credit-royal-caribbean-international.jpg?update-time=1731536070437&size=responsiveFlow640	0
https://i.ytimg.com/vi/2CxCb36htAM/maxresdefault.jpg?sqp=-oaymwEmCIAKENAF8quKqQMa8AEB-AH-CYAC0AWKAgwIABABGHIgQCguMA8=&rs=AOn4CLCbm_5nmQcAfv2A-8oCKxbMIX9TKw	0
https://kickstart.bikeexif.com/wp-content/uploads/2021/03/icon-1000-saint-beeline-gear-review-40-625x417.jpg	0
https://cruisespotlight.com/wp-content/uploads/2022/10/royal-caribbean-icon-of-the-seas-ship.jpg	0
https://wallpaperaccess.com/full/8026103.png	0
https://i.pinimg.com/736x/f1/7a/20/f17a20d998de9cd4a42f6ca87992e6c4.jpg	0
https://benoycdn.azureedge.net/files/projects/icon-siam/_mediumImage/00001_N112_resized.jpg	0
https://thumbs.dreamstime.com/b/bangkok-thailand-april-exterior-view-icon-siam-river-side-new-shopping-center-landmark-evening-motion-blur-145733286.jpg	0
https://asset.dragspecialties.com/media/edge/F/C/F/FCF95BD5-CA59-483F-AB85-63F6567F9D31.png	0
http://images2.revzilla.com/product_images/0097/1770/icon_helmet_am_thriller_black.jpg	0
http://www.revzilla.com/facet_set/image/1042/stryker_field_armor_M_vest_front-SWOP.jpg	0
https://kickstart.bikeexif.com/wp-content/uploads/2021/03/icon-1000-airflite-mips-helmet-2.jpg	0
https://media.richmondhondahouse.com/wp-content/uploads/2020/04/20204728/Icon-Airflite-QB1-Helmet-QB1-Green-02.jpg	0
https://images.esellerpro.com/2189/I/602/725/lrgscale26260-Icon-Airflite-Raceflite-Motorcycle-Helmet-And-Visor-1200-0.jpg	0
https://i.pinimg.com/736x/68/4d/f2/684df2ba16fc08e49b725958f4f856eb--motorcycle-icon-motorcycle-helmets.jpg	0
http://www.jspowersports.com/img/street/icon/icon-jacket-hooligan-spaztyk-street-jersey-green.jpg	0
http://4.bp.blogspot.com/_LNLbSmyg_RQ/S6vFIHZmvmI/AAAAAAAAAUY/qZ4wfSqBuL4/s1600/gearchart.jpg	0
https://f.fcdn.app/imgs/d6aab5/bikeup.uy/bikeuy/ceeb/original/catalogo/KEEICO110_RO_1/2000-2000/keeway-icon-110-rojo.jpg	0
https://media.richmondhondahouse.com/wp-content/uploads/2020/04/20211313/Icon-Womens-Automag-2-Jacket-Pink-05.jpg	0
http://e.ridersdiscount.com/images/icon/2016/February/0101-9014-PRIMARY.jpg	0
https://m.fortnine.ca/media/catalog/product/cache/3106cf6870ef61da8313fd82d69c8643/catalogimages/icon/28220369.jpg	0
https://i.pinimg.com/originals/c5/ff/d6/c5ffd6e61085f8ea6f0b403625752a9c.jpg	0
http://e.ridersdiscount.com/images/icon/2015/2822-0790-PRIMARY.jpg	0
http://kickstart.bikeexif.com/wp-content/uploads/2014/12/icon-airframe-helmet-625x416.jpg	0
https://di2ponv0v5otw.cloudfront.net/posts/2022/08/20/6301a6d8253a8c4f054accaf/m_6301a6f29464f3ddd2c57c2c.jpg	0
https://i.pinimg.com/736x/5c/b9/51/5cb951acb34f86ea0852016e73a8e5c2--motorcycle-icon-motorcycle-jackets.jpg	0
https://i.pinimg.com/736x/05/04/5c/05045c279edb594fbc80370a117e192c.jpg	0
https://i.ytimg.com/vi/E2s3GfuCNLU/maxresdefault.jpg	0
http://static1.squarespace.com/static/562ff836e4b05cda5f7ab9a5/5636e82fe4b06c8363f41110/580dd385d1758e790725d9a0/1477302766213/160223_Black_Arrow_Web-1.jpg?format=1500w	0
https://www.fc-moto.de/WebRoot/FCMotoDB/Shops/10207048/5706/1482/6051/6D2D/10A8/4DEB/AEAD/74B7/NewJackAction1-1560_m.jpg	0
https://i.pinimg.com/originals/68/4d/f2/684df2ba16fc08e49b725958f4f856eb.jpg	0
https://i.pinimg.com/originals/4a/95/e0/4a95e06a20778000055d7081c6517678.jpg	0
https://ae01.alicdn.com/kf/HTB1lwYqoMKTBuNkSne1q6yJoXXaH/Cycling-Motorcycle-Jackets-Women-Motocross-Jacket-Protective-Gear-Racing-Breathable-Windproof-Motorbike-Jacket-For-Spring-Summer.jpg	0
https://i.pinimg.com/originals/cb/51/62/cb516253cd6bbef04a7eb359e790c3e2.png	0
https://youmotorcycle.com/wp-content/uploads/ICON-1000-Series-Motorcycle-Gear.jpg	0
https://i.ytimg.com/vi/s_7qFfeCFe0/maxresdefault.jpg	0
https://i.ytimg.com/vi/WzD00WizLmU/maxresdefault.jpg	0
https://www.fc-moto.de/WebRoot/FCMotoDB/Shops/10207048/5706/19AB/8DF0/883F/F85C/4DEB/AEAD/7494/NewJackAction1-1560_m.jpg	0
https://i.ytimg.com/vi/9b4T9Jhmlo4/maxresdefault.jpg	0
https://kickstart.bikeexif.com/wp-content/uploads/2016/09/motorcycle-gear-21-720x480.jpg	0
https://kickstart.bikeexif.com/wp-content/uploads/2016/10/icon-1000-retrograde-motorcycle-boots.jpg	0
http://www.fc-moto.de/WebRoot/FCMotoDB/Shops/10207048/50BB/C357/65EC/8EB0/45B4/3E70/5055/747D/Icon-Elsinore-Brown-Brown.jpg	0
https://w7.pngwing.com/pngs/110/177/png-transparent-motorcycle-helmets-integraalhelm-computer-icons-motorcycle-riding-gear-motorcycle-helmets-canada-technic-motorcycle.png	0
https://vectorified.com/images/icon-cycle-gear-17.jpg	0
https://i2.wp.com/goodsparkgarage.com/wp-content/uploads/2014/02/ICON_Gear_Wilkinson_Bros_1024.jpg	0
https://i.pinimg.com/originals/28/b1/77/28b177164156b4b24785d9d6833bd0c9.jpg	0
https://kickstart.bikeexif.com/wp-content/uploads/2021/03/icon-1000-saint-beeline-gear-review-40-625x417.jpg	0
https://www.mcgearhub.com/wp-content/uploads/2021/10/A-photograph-showing-a-motocross-biker-wearing-the-highly-adjustable-Icon-Stryker-vest-under-an-adventure-motorcycle-jacket.jpg	0
https://a.cdn-hotels.com/gdcs/production156/d1684/1316d175-8ae1-410f-b671-397182108972.jpg?impolicy=fcrop&w=1600&h=1066&q=medium	0
https://media.timeout.com/images/105562209/image.jpg	0
https://a.cdn-hotels.com/gdcs/production101/d92/923647a7-b0e1-4c9b-a004-f3ae53f688dd.jpg	0
https://www.tripsavvy.com/thmb/4KBzFDmmEcpZwidcVsCEN9SpMd0=/5000x3334/filters:fill(auto,1)/iconsiam-in-bangkok-54088267d6cd43a68afb06d78086610e.jpg	0
https://images.lifestyleasia.com/wp-content/uploads/2018/12/04160050/43170994_119810472347446_5274870391688785013_n.jpg	0
http://bangkokcondoonline.com/wp-content/uploads/2019/08/Iconsiam-mall.jpg	0
https://vconthai.com/application/files/6216/1726/7712/ICON_SIAM_1.jpg	0
http://thailand-construction.com/wp-content/uploads/2018/10/Iconsiam-Thailands-biggest-shopping-mall-set-to-open-in-Bangkok.jpg	0
http://www.kaskalthai.com/wp-content/uploads/2021/08/Icon-Siam-3.jpg	0
https://cdn3.ivivu.com/2023/01/iconsiam1.jpg	0
https://www.findthaiproperty.com/wp-content/uploads/2019/01/ICON-SIAM-BANGKOK.jpg	0
https://cdn.lifestyleasia.com/wp-content/uploads/2018/12/04155837/20181109-0635455966_1.jpg	0
https://benoycdn.azureedge.net/files/projects/icon-siam/_mediumImage/00001_N95_resized_200401_030719.jpg	0
https://c8.alamy.com/comp/T717Y3/interieur-of-icon-siam-mall-iconsiam-shopping-mall-bangkok-thailand-T717Y3.jpg	0
https://wisont.files.wordpress.com/2019/06/icon-siam-day01-07.jpg?w=1200	0
https://img2.10bestmedia.com/Images/Photos/357180/Icon-Siam-1_54_990x660.jpg	0
https://cdn.pixabay.com/photo/2020/11/10/01/39/icon-siam-5728253_640.jpg	0
https://thumbs.dreamstime.com/b/bangkok-thailand-april-exterior-view-icon-siam-river-side-new-shopping-center-landmark-evening-motion-blur-145733186.jpg	0
http://bangkokcondoonline.com/wp-content/uploads/2019/08/Iconsiam-luxury-shopping-mall.jpg	0
https://img2.10bestmedia.com/Images/Photos/357171/ICONSIAM--02_54_990x660.jpg	0
https://thumbs.dreamstime.com/z/icon-siam-shopping-mall-night-bangkok-thailand-sep-water-front-159127016.jpg	0
https://1.bp.blogspot.com/-x210jZr-XfQ/XW94PkL87xI/AAAAAAAATdE/qysd0hVmfCEL3onwVOHZC9VTCW2yOALmACKgBGAs/s1600/Icon%2BSiam%2BFloating%2BMarket.jpg	0
https://thumbs.dreamstime.com/b/bangkok-thailand-april-exterior-view-icon-siam-river-side-new-shopping-center-landmark-evening-motion-blur-145733286.jpg	0
https://www.khaosod.co.th/wpapp/uploads/2022/12/4--Edit-.jpg	0
https://img.wongnai.com/p/1920x0/2018/11/16/fc5f0010a0474cf49f487710d7d65d37.jpg	0
https://benoycdn.azureedge.net/files/projects/icon-siam/_mediumImage/00001_N112_resized.jpg	0
https://i.ytimg.com/vi/JSvrCw8hlw0/maxresdefault.jpg	0
https://www.mangozero.com/wp-content/uploads/2017/01/icon-siam.jpg	0
https://i1.wp.com/www.traveling-pari.com/wp-content/uploads/2019/05/Icon-Siam-Bangkok.jpeg?fit=1600%2C1200&ssl=1	0
https://benoycdn.azureedge.net/files/projects/icon-siam/_largeImage/00001_N135_resized.jpg	0
https://thumbs.dreamstime.com/z/bangkok-thailand-december-interior-iconsiam-shopping-mall-immense-ceiling-decoration-above-louis-vuitton-gems-pavilion-141801044.jpg	0
https://bk.asia-city.com/sites/default/files/icon_siam_opening_ceremony.jpg	0
https://media.truyenhinhdulich.vn/upload/news/1158_iconsiam_diem_den_moi_khong_the_bo_qua_khi_den_ban.jpg	0
https://www.visionsoftravel.org/wp-content/uploads/2019/06/Icon-Siam-Bangkok-Thailand-12.jpg	0
https://thumbs.dreamstime.com/z/icne-mail-intrieur-et-extrieur-de-siam--bangkok-thalande-photo-haute-qualit-194862121.jpg	0
https://www.cruisehive.com/wp-content/uploads/2022/10/iconoftheseas-render3.jpg	0
https://gray-kosa-prod.cdn.arcpublishing.com/resizer/FMUuICFdkn_FWXhS8u1vi_PJ9m8=/1200x600/smart/filters:quality(85)/cloudfront-us-east-1.images.arcpublishing.com/gray/J2BEK2PRGNGVNIAASWGTOL3EHM.jpg	0
https://thepointsguy.global.ssl.fastly.net/uk/originals/2022/11/20221019_ICON-OF-THE-SEAS-Renderings_Royal-Caribbean_12.jpg	0
https://images.foxtv.com/static.fox35orlando.com/www.fox35orlando.com/content/uploads/2022/10/932/524/icon-of-the-seas.jpg?ve=1&tl=1	0
https://thepointsguy.global.ssl.fastly.net/us/originals/2022/10/20221019_ICON-OF-THE-SEAS-Renderings_Royal-Caribbean_aft.jpg?width=2048	0
https://www.cruisemapper.com/images/lines/1-61d9713bc75d3a.jpg	0
https://cruisefever.net/wp-content/uploads/2023/03/icon.jpg	0
https://i.pinimg.com/originals/db/23/da/db23da3c623f9ef3d0a54bf87c56df69.png	0
https://people.com/thmb/WVuITRiOY-KOu0vWlbluehX0f2I=/1500x0/filters:no_upscale():max_bytes(150000):strip_icc():focal(807x287:809x289)/Royal-Caribbean-Icon-of-the-Seas-011924-3-ca7a18c6f8344265bcbf4e20224578a9.jpg	0
https://thepointsguy.global.ssl.fastly.net/us/originals/2022/10/20221019_ICON-OF-THE-SEAS-Renderings_Royal-Caribbean_9.jpg	0
https://cheapcruisesandtravels.com/wp-content/uploads/2022/11/Royal_Caribbean_Icon_of_the_Seasons_2024-scaled.jpg	0
https://static.designboom.com/wp-content/uploads/2023/07/icon-of-the-seas-worlds-biggest-cruise-ship-royal-caribbean-designboom-ban.jpg	0
https://cruisespotlight.com/wp-content/uploads/2022/10/royal-caribbean-icon-of-the-seas-ship.jpg	0
https://porthole.com/wp-content/uploads/2022/10/FfhgjRmWQAAu36_-2-scaled.jpg	0
https://i.ytimg.com/vi/BVLaNXBaFnc/maxresdefault.jpg	0
https://people.com/thmb/eMYaQwkOZTOeKqfbVS1ui7zSaaU=/1500x0/filters:no_upscale():max_bytes(150000):strip_icc():focal(476x514:478x516)/Royal-Caribbean-Icon-of-the-Seas-011924-tout-947273d6da3e44459c73441462ed959c.jpg	0
https://cruisefever.net/wp-content/uploads/2023/01/iconoftheseasroyalcaribbean.jpg	0
https://i.ytimg.com/vi/zlrnXXdx8cA/maxresdefault.jpg	0
https://i.ytimg.com/vi/mS-CZXE2-U4/maxresdefault.jpg	0
https://rccl-h.assetsadobe.com/is/image/content/dam/royal/ships/icon/icon-of-the-seas-aerial-sea-day.jpg?$1440x600$	0
https://thepointsguy.global.ssl.fastly.net/us/originals/2022/10/20221019_ICON-OF-THE-SEAS-Renderings_Royal-Caribbean_11.jpg?width=3840	0
https://www.ship-technology.com/wp-content/uploads/sites/8/2023/04/Image-1-Icon-of-the-Seas.jpg	0
https://i.pinimg.com/originals/77/35/e8/7735e805039222e4a845b2f8fe0caa0c.png	0
https://i.pinimg.com/videos/thumbnails/originals/49/05/64/4905643b4a986e901b0f21923a9f8078.0000000.jpg	0
https://www.cruisemummy.co.uk/wp-content/uploads/royal-caribbean-new-ship1.jpg	0
https://i.pinimg.com/736x/d2/78/48/d278487951a24f9bad96700e0e107b9f.jpg	0
https://i.pinimg.com/videos/thumbnails/originals/72/64/ee/7264ee8e4b589d6e7ea8bff134a3d23c.0000000.jpg	0
https://c.ndtvimg.com/2024-11/om8i52ig_royal-caribbean-cruise-ship-_625x300_12_November_24.jpeg	0
https://thepointsguy.global.ssl.fastly.net/us/originals/2023/05/Royal-Caribbean-Wonder-of-the-Seas_1.jpg?width=640	0
https://www.royalcaribbeanblog.com/sites/default/files/styles/fb_style/public/fb/icon-of-the-seas-aft-miami.jpeg?itok=rJzEsKAW	0
https://caaneo.ca/sites/default/files/styles/scale_800/public/2024-10/c30b3a9d-37d4-4ba8-b780-df9532155f1a.jpg.webp?itok=LSrraEHb	0
https://d3uaz35ue406d5.cloudfront.net/assets/images/compagnies/royal-caribbean/icon-of-the-seas/activites/large/icon-of-the-seas-0ytpmhmnb6d5g91a5hgm1rt0hm.jpg	0
https://www.fulltravel.it/trade/wp-content/uploads/sites/2/2023/11/Nave-da-crociera-Royal-Caribbean.jpeg	0
https://i.pinimg.com/736x/39/5f/0c/395f0ccf0a40c05466e2a73c9f363b54.jpg	0
https://thepointsguy.global.ssl.fastly.net/us/originals/2024/01/1704918205_DJI-0690-scaled.jpg?width=1200	0
https://m.economictimes.com/thumb/msid-100966456,width-1200,height-900,resizemode-4,imgsize-63314/why-become-a-product-manager.jpg	0
https://miro.medium.com/v2/resize:fit:1400/1*t3h7PDDgqZoM4fm6RNJZbw.png	0
https://whidegroup.com/wp-content/uploads/creative-photography-4-large.png	0
https://cms.dresma.com/uploads/Image_2_11cac6fa82.jpg	0
https://imgv3.fotor.com/images/homepage-feature-card/ai-generated-car-design.jpg	0
https://pebblely.com/blog/create-product-images-with-ai/collage-of-ai-generated-images.jpg	0
https://whidegroup.com/wp-content/uploads/creative-photography-8-large.png	0
https://theaiminstitute.com/wp-content/uploads/2021/01/NPD-IMAGE.jpg	0
http://ww1.prweb.com/prfiles/2014/09/11/12163870/Pharma Packaging Solutions Products.png	0
https://cms.dresma.com/uploads/Header_79107acd68.jpg	0
http://designwanted.com/wp-content/uploads/2022/12/The-future-of-product-design--how-artificial-intelligence-is-changing-the-game-cover-2.jpg	0
https://epiprodux.com/blog/wp-content/uploads/2023/03/mr_epiprodux_fashion_products_and_brands_under_management_9e6d2468-55a8-4f48-86cb-9b1b2841fac1.png	0
https://themumpreneurshow.com/wp-content/uploads/2023/06/Product_Type.jpg	0
https://mir-s3-cdn-cf.behance.net/project_modules/max_1200/36232c143870775.6282940c8c57d.jpeg	0
https://www.gktoday.in/wp-content/uploads/2016/04/Product-in-Marketing.png	0
https://s3-alpha.figma.com/hub/file/3678222513/215923f8-a67e-47bd-8b4a-2909b5a52bad-cover.png	0
https://s3.amazonaws.com/images.ecwid.com/images/22217770/1287930422.jpg	0
https://wallpapers.com/images/hd/product-background-1640-x-924-20e3064d2e0gwyqh.jpg	0
https://i.pinimg.com/originals/81/e5/64/81e5643be443803178c47d531955c54c.jpg	0
https://wallpapercave.com/wp/wp2362743.jpg	0
https://i.pinimg.com/originals/49/35/2f/49352f1bf951c6c0330301bca6705ba5.jpg	0
https://i.pinimg.com/736x/55/79/e0/5579e0c8e134e99db7cdf1fa174a1a99.jpg	0
http://www.taishanproject.com/wp-content/uploads/2018/09/Little_Boy__6308_copy-973x1339.jpg	0
https://i.pinimg.com/originals/58/bf/24/58bf245ecef499e5c623921071db47ab.jpg	0
https://cdn.pixabay.com/photo/2017/07/31/22/47/fashion-2561768_1280.jpg	0
https://www.maggiedent.com/wp-content/uploads/2018/03/Boys-Boys-Boys-STREAMING-cover.jpg	0
https://i.pinimg.com/originals/a6/c4/8f/a6c48f1e173ac1b98269ec87e0a344a3.jpg	0
https://i.pinimg.com/originals/34/9c/f4/349cf42257a11da5002847c4119c3e1d.jpg	0
https://www.advocate.com/media-library/boys-boys-boys-opens-little-black-book-gallery-in-london.jpg?id=54285027&width=980	0
https://i0.wp.com/urbanbridgez.com/wp-content/uploads/2023/04/21.jpg?fit=1200%2C675&ssl=1	0
https://www.tillys.com/dw/image/v2/BFBK_PRD/on/demandware.static/-/Sites-master-catalog/default/dw98d9d74f/tillys/images/catalog/1000x1000/510603150b.jpg?sw=800&sh=1028&q=100	0
https://i.pinimg.com/originals/4a/df/72/4adf729c0be54d40316ab6c34577b60d.jpg	0
https://cdn.pixabay.com/photo/2017/04/03/00/00/kid-2197192_960_720.jpg	0
https://c.stocksy.com/a/FrY500/z9/1325637.jpg	0
https://c.stocksy.com/a/0Yc200/z9/624836.jpg	0
https://www.advocate.com/media-library/boys-boys-boys-opens-little-black-book-gallery-in-london.jpg?id=54285025&width=980	0
https://www.advocate.com/media-library/boys-boys-boys-opens-little-black-book-gallery-in-london.jpg?id=54285028&width=980	0
https://www.tillys.com/dw/image/v2/BFBK_PRD/on/demandware.static/-/Sites-master-catalog/default/dwdda685e1/tillys/images/catalog/1000x1000/511366221a.jpg?sw=800&sh=1028&q=100	0
https://www.tillys.com/dw/image/v2/BFBK_PRD/on/demandware.static/-/Sites-master-catalog/default/dw066f87a3/tillys/images/catalog/1000x1000/511362620.jpg?sw=800&sh=1028&q=100	0
https://www.parentmap.com/images/article/7877/BOY_feature_credit_will_austin_848x1200.jpg	0
https://i.pinimg.com/736x/1d/aa/17/1daa17daad7ff6c94a1ba642de6d62c7.jpg	0
https://i.pinimg.com/originals/b0/c2/5b/b0c25bfaf50d58f2cc9e1fdcbf801234.jpg	0
https://i.pinimg.com/originals/6e/60/a6/6e60a63f4b99f678c3149a58467a92f1.jpg	0
https://www.advocate.com/media-library/boys-boys-boys-opens-little-black-book-gallery-in-london.jpg?id=54285018&width=980	0
https://www.tillys.com/dw/image/v2/BFBK_PRD/on/demandware.static/-/Sites-master-catalog/default/dw202e7d3e/tillys/images/catalog/1000x1000/511366221b.jpg?sw=800&sh=1028&q=100	0
https://i.pinimg.com/originals/29/ae/94/29ae94b0376c5840591f19b89416ca27.jpg	0
https://i.pinimg.com/736x/9d/ae/98/9dae983868001b1e02e552bdc38618c3.jpg	0
https://2.bp.blogspot.com/-oY6YYE6XOZA/TZtNPm8SygI/AAAAAAAAFRk/bPNyWXsEDiQ/s1600/boysforflaunt2.jpg	0
http://images6.fanpop.com/image/photos/43000000/Stylish-boy-emo-boys-43040365-1366-2048.jpg	0
https://www.advocate.com/media-library/boys-boys-boys-opens-little-black-book-gallery-in-london.jpg?id=54285296&width=1200&height=600&coordinates=0%2C39%2C0%2C39	0
https://c8.alamy.com/comp/AN8WFX/christian-boys-praying-in-midyat-turkey-AN8WFX.jpg	0
https://www.allkpop.com/upload/2023/02/content/241048/web_data/allkpop_1677254009_img-20230224-210853.jpg	0
https://www.tillys.com/dw/image/v2/BFBK_PRD/on/demandware.static/-/Sites-master-catalog/default/dw2a639716/tillys/images/catalog/1000x1000/510603150.jpg?sw=800&sh=1028&q=100	0
http://eskipaper.com/images/beautiful-girls-26.jpg	0
https://oldnavyprod.a.bigcontent.io/v1/static/240301_65-M0364_G_DP_NewArrivals_0301	0
https://m.media-amazon.com/images/M/MV5BYWI3ODMwNTMtZjQ5MS00Y2E4LTkwZDEtZDMzOTE1NzZkNmM4XkEyXkFqcGdeQXVyMDI2NDg0NQ@@._V1_.jpg	0
https://images.creativemarket.com/0.1.0/ps/3964560/1820/2729/m1/fpnw/wm1/oghohifer7jvkbicltfzbgzpx2dgqansgyyf8supqyveu6lhisdemklyos3pcs2o-.jpg?1517954809&s=df62459cd8f26998f77c9b1073214726	0
https://i.pinimg.com/originals/70/34/90/703490a63781bd2465d88fd566b6263f.gif	0
https://www.tillys.com/dw/image/v2/BFBK_PRD/on/demandware.static/-/Sites-master-catalog/default/dw5be85cad/tillys/images/catalog/1000x1000/389906167a.jpg?sw=800&sh=1028&q=100	0
https://www.99rands.co.za/wp-content/uploads/2024/11/Girls-Floral-Printed-Belted-Short-Sleeve-Dress-2-to-7-Years-2-1-1365x2048.jpg	0
http://allhdwallpapers.com/wp-content/uploads/2015/05/girls-B-9.jpg	0
https://cdn.acidcow.com/pics/20131001/random_cute_girls_48.jpg	0
https://m.media-amazon.com/images/M/MV5BMTU1Mzk2ODEzN15BMl5BanBnXkFtZTgwNDQwMjAxMTI@._V1_.jpg	0
https://www.un.org/sites/un2.un.org/files/2022/10/burkina-faso-girls.jpg	0
https://dl.openseauserdata.com/cache/originImage/files/19bef99e749aa46bac62f105f35a3224.jpg	0
https://www.99rands.co.za/wp-content/uploads/2024/11/Girls-Summer-Short-Sleeve-Dress-2-to-7-Years-41-1365x2048.jpg	0
https://www.tillys.com/dw/image/v2/BFBK_PRD/on/demandware.static/-/Sites-master-catalog/default/dw6c941a0f/tillys/images/catalog/1000x1000/452149125.jpg?sw=800&sh=1028&q=100	0
https://jooinn.com/images/a-beautiful-young-girl-posing-5.jpg	0
https://cdn.wallpapersafari.com/10/13/GNMBrd.jpg	0
https://media.npr.org/assets/img/2021/02/25/dizasaxena_vert-35646bba20a54f394ebc6e552e2d7bc09b03f889-s1100-c50.jpg	0
https://i.scdn.co/image/ab67616d0000b273a226e31b10f88c83e00e828a	0
https://i.pinimg.com/736x/38/be/07/38be07bae3dcea3073ccde61d39a3496.jpg	0
https://cdna.artstation.com/p/assets/images/images/057/638/538/large/ah-alex-001.jpg?1672228137	0
https://www.tillys.com/dw/image/v2/BFBK_PRD/on/demandware.static/-/Sites-master-catalog/default/dwc1d29f1b/tillys/images/catalog/1000x1000/438128700.jpg?sw=800&sh=1028&q=100	0
https://cdn2.n2erp.co.nz/hyp_19sj232-ask2-dfk2-am29-89fkl348fd/images/products/xlarge/2023YouthClassicNeoGirlssmallfro_cba43d23-773f-42b7-8708-9f1e99045a98_L.png	0
https://i.pinimg.com/originals/7c/3e/6c/7c3e6c8c117913886b9b1667b113f3be.jpg	0
https://images6.fanpop.com/image/photos/42400000/Support-all-Girls-i-support-girls-42453076-1280-1920.jpg	0
https://i.ytimg.com/vi/TRkkxs5ULC4/maxresdefault.jpg	0
https://farm5.staticflickr.com/4096/4740767641_a50340620f_b.jpg	0
https://www.joqr.co.jp/wp/wp-content/uploads/9d266644911790a66a5ef97f697a89a0.jpg	0
https://www.tillys.com/dw/image/v2/BFBK_PRD/on/demandware.static/-/Sites-master-catalog/default/dw33199607/tillys/images/catalog/1000x1000/428886200w.jpg?sw=800&sh=1028&q=100	0
https://www.99rands.co.za/wp-content/uploads/2024/11/Girls-Floral-Printed-Belted-Short-Sleeve-Dress-2-to-7-Years-4-1-1365x2048.jpg	0
https://jooinn.com/images/a-beautiful-young-girl-posing-3.jpg	0
https://i.pinimg.com/736x/54/b7/7f/54b77f4cd28fb69294cbfbaec6ddab35.jpg	0
https://i.ytimg.com/vi/rzV9fgb-bsI/maxresdefault.jpg	0
https://www.tillys.com/dw/image/v2/BFBK_PRD/on/demandware.static/-/Sites-master-catalog/default/dw0326266f/tillys/images/catalog/1000x1000/434835763.jpg?sw=800&sh=1028&q=100	0
https://www.99rands.co.za/wp-content/uploads/2024/11/Girls-Floral-Printed-Belted-Short-Sleeve-Dress-2-to-7-Years-3-1-1365x2048.jpg	0
https://www.tillys.com/dw/image/v2/BFBK_PRD/on/demandware.static/-/Sites-master-catalog/default/dw08aae9ff/tillys/images/catalog/1000x1000/448025150a.jpg?sw=800&sh=1028&q=100	0
https://mir-s3-cdn-cf.behance.net/project_modules/1400/62332132039857.566bcebd67c82.jpg	0
https://blog.mystart.com/wp-content/uploads/taken.jpg	0
https://mir-s3-cdn-cf.behance.net/project_modules/1400_opt_1/c358f738155793.57575971b1c09.jpg	0
https://mir-s3-cdn-cf.behance.net/project_modules/max_1200/868e2d38155793.57575971b116a.jpg	0
http://everdh775.weebly.com/uploads/1/2/5/3/125373607/624390480.jpg	0
https://i1.wp.com/worldupclose.in/wp-content/uploads/2021/05/Untitled-design-3.jpg?fit=2240%2C1260&ssl=1	0
https://townsquare.media/site/442/files/2018/11/BEST-DISNEY-MOVIES.jpg?w=1200&h=0&zc=1&s=0&a=t&q=89	0
https://pixy.org/src/447/4476962.jpeg	0
https://observer.com/wp-content/uploads/sites/2/2020/06/012-B-FF-028R-PK.jpg?quality=80&strip	0
https://hips.hearstapps.com/hmg-prod/images/classic-movies-1661199935.jpg	0
https://image.tmdb.org/t/p/original/zaqam2RNscH5ooYFWInV6hjx6y5.jpg	0
https://static1.srcdn.com/wordpress/wp-content/uploads/2023/11/greatest-movies-of-all-time.jpg	0
https://s3.amazonaws.com/static.rogerebert.com/uploads/blog_post/primary_image/features/the-best-films-of-the-2010s/Header2.jpg	0
https://lumiere-a.akamaihd.net/v1/images/p_disneymovies_avatarthewayofwater_streamingupdate_2096_0908fa1b.jpeg	0
https://m.media-amazon.com/images/M/MV5BNzZhYmQ2NGMtZmRmYi00NzgzLTllNmUtNDQwZDAxMmE3NzI0XkEyXkFqcGdeQXVyODE5NzE3OTE@._V1_.jpg	0
http://thedialog.org/wp-content/uploads/2020/06/28-CNS-MOVIE-REVIEW-DA-5-BLOODS-scaled.jpg	0
https://www.trustedreviews.com/wp-content/uploads/sites/54/2022/05/Virgin-Media-Stream-Box-Sets-and-Movies-scaled.jpg	0
https://www.intofilm.org/intofilm-production/9628/scaledcropped/630x355/resources/9628/into-film-plus-catalogue-image-07-22.jpg	0
https://upload.wikimedia.org/wikipedia/commons/0/02/35mm_movie_negative.jpg	0
https://m.media-amazon.com/images/M/MV5BM2FhYjEyYmYtMDI1Yy00YTdlLWI2NWQtYmEzNzAxOGY1NjY2XkEyXkFqcGdeQXVyNTA3NTIyNDg@._V1_FMjpg_UX1000_.jpg	0
https://i.pinimg.com/originals/78/50/21/785021afaf8ddff600f39671b1956b36.png	0
https://img-va.myshopline.com/image/store/1719994386185/556-(1)(1)-1.jpeg?w=1500&h=1000	0
https://o.quizlet.com/4KgfXyv8XUd6bMVznzTgpQ.jpg	0
https://cdnph.upi.com/sv/ph/og/upi/7121699890046/2023/1/ad9b8cb7ef0fe3683b72d402688bb862/v1.5/The-Garfield-Movie-trailer-shows-Jon-meet-baby-Garfield.jpg	0
https://cdn.pixabay.com/photo/2017/04/29/11/35/movie-2270554_1280.png	0
https://s7.orientaltrading.com/is/image/OrientalTrading/VIEWER_ZOOM/guardians-of-the-galaxy-movie-poster-print-27-x-40-item-movab77045~14528537$NOWA$	0
https://s7.orientaltrading.com/is/image/OrientalTrading/VIEWER_ZOOM/eaglemoss-marvel-movie-collection-1-16-figurine-hydra-soldier~14503680$NOWA$	0
https://www.prettycleanshop.com/cdn/shop/files/BigMovieQuiz_Packaging-1.jpg?v=1730666722&width=1946	0
https://images.pond5.com/crazy-crunch-movie-footage-255913499_iconl.jpeg	0
https://gurulocity.com/wp-content/uploads/2016/10/2016-Colgate-Print-Advertisement-732x1024.jpeg	0
http://2.imimg.com/data2/IS/TN/MY-2561564/advertisement-designing-services-500x500.jpg	0
https://c8.alamy.com/comp/BTYRYB/modern-advertisement-in-english-magazine-dated-2010-for-silentnight-BTYRYB.jpg	0
https://i.pinimg.com/originals/c9/e9/9e/c9e99ea9e3618de0319c46ba6ecfa1e2.jpg	0
https://sixads.net/wp-content/uploads/2021/04/11010-1.jpg	0
https://drprem.com/business/wp-content/uploads/sites/28/2018/03/tide.jpg	0
https://i.pinimg.com/originals/b5/96/f8/b596f869ab2c23ded48a377e3ba083a4.jpg	0
http://webneel.com/daily/sites/default/files/images/daily/07-2014/5-best-ads-agasalho-hamburguer.jpg	0
https://i.pinimg.com/originals/f8/07/16/f80716fe6664aae8342c2636900250e8.jpg	0
https://www.literacyideas.com/wp-content/uploads/2021/08/1_img_6107cb72d2d9b.jpg	0
https://www.marketingtutor.net/wp-content/uploads/2023/01/advertising-examples.jpg	0
https://cdn.confect.io/uploads/media/image(89).jpg	0
https://www.dotyeti.com/wp-content/uploads/2022/10/Mac-and-cheese.jpg	0
https://1.bp.blogspot.com/-NMbog6aObLA/TwiT9huAztI/AAAAAAAACgI/lkQstfY_xe8/s1600/advertisement+LG.jpg	0
https://fiverr-res.cloudinary.com/images/q_auto,f_auto/gigs/128505638/original/963f6f06de6bd60a7cb3dbdb4ce7b422ba9ea675/help-your-company-write-a-job-advertisement.jpg	0
https://imgv3.fotor.com/images/blog-cover-image/cocacola-ads-example-with-orange-background-slogan.png	0
https://creative-ads.org/wp-content/uploads/2013/04/what_a_whopper_ad.jpg	0
https://study.com/cimages/multimages/16/burgerad15179945781952220614.png	0
https://www.gingermediagroup.com/wp-content/uploads/2023/08/Screenshot-2023-08-22-160223.jpg	0
https://i.pinimg.com/originals/98/63/d8/9863d85866336d8bd03c401ba3438fdd.jpg	0
https://static01.nyt.com/images/2014/01/17/business/Adco/Adco-superJumbo.jpg	0
https://mir-s3-cdn-cf.behance.net/project_modules/max_1200/34a17917926931.562c0f7f02c94.jpg	0
https://static-cse.canva.com/blob/571403/advertisement210.jpg	0
https://www.mdpi.com/foods/foods-09-00051/article_deploy/html/images/foods-09-00051-g0A2.png	0
http://3.bp.blogspot.com/-P-Imqxb6hyw/UVGUN4u8n5I/AAAAAAAAA0I/0wqAlQULbng/s1600/Unzip_Print_Ad_PSA_Concept_by_misterbedhead.jpg	0
https://mir-s3-cdn-cf.behance.net/project_modules/1400/44c2e781859405.5d0bce8092f25.png	0
https://i.pinimg.com/736x/be/d2/43/bed243616966f06e7fa7c2fda339182c.jpg	0
https://medcom.uiowa.edu/theloop/wp-content/uploads/2020/05/TCYN-Print-Ad.jpg	0
https://webneel.com/daily/sites/default/files/images/daily/06-2016/18-lg-washing-machine-print-ads-by-david-pinilla.jpg	0
http://louis-henwood.com/wp-content/uploads/2016/Heroes/Coke-Zero-2013-A2-portrait.jpg?_t=1525364019	0
https://i.pinimg.com/originals/75/3c/90/753c9020de4907b16e6041027410098a.png	0
https://images.squarespace-cdn.com/content/v1/6129e1d90fd5785f5023e7dd/503801f2-9c04-401c-bd5d-278c24f59297/advertising.png	0
https://i.pinimg.com/originals/5a/11/05/5a11051f9b7aae39ea6f507d22980b9c.jpg	0
https://fiverr-res.cloudinary.com/images/q_auto,f_auto/gigs/210365314/original/0f326f119594e8ee5097150be38db89b6d7a9949/design-your-creative-product-advertisement-poster-447d.jpg	0
https://englishinamerica.files.wordpress.com/2013/05/vintage-ad.png	0
https://png.pngtree.com/png-clipart/20230510/original/pngtree-dream-purple-sky-scenery-aesthetic-icon-png-image_9157091.png	uncertain
https://c8.alamy.com/comp/R4E1R5/tender-eyes-cartoon-R4E1R5.jpg	uncertain
https://media.gettyimages.com/id/1134562221/vector/clucking-chickens.jpg?s=612x612&w=gi&k=20&c=JYZHg4Uw-icq5U75wVj5rlm5CWnM892RhDXwLRmm9ww=	uncertain
https://th.bing.com/th?id=OIF.gK4Co0u7h3P%2f7WzOMVngdA&rs=1&pid=ImgDetMain	uncertain
https://cdn11.bigcommerce.com/s-aweq463/images/stencil/670x670/products/56269/141454/W2142361_7-600_600__47585.1731491765.jpg?c=2	uncertain
https://cdn11.bigcommerce.com/s-aweq463/images/stencil/670x670/products/56269/141455/W2142361_6-600_600__19098.1731491765.jpg?c=2	uncertain
https://cdn11.bigcommerce.com/s-aweq463/images/stencil/670x670/products/56269/141453/W2142361_5-600_600__01408.1731491764.jpg?c=2	uncertain
https://cdn11.bigcommerce.com/s-aweq463/images/stencil/670x670/products/56269/141456/W2142361_10-600_600__87229.1731491766.jpg?c=2	uncertain
https://c8.alamy.com/comp/2GT65KP/laboratory-support-icon-cartoon-style-2GT65KP.jpg	uncertain
https://c8.alamy.com/comp/J3TE1N/cute-whale-tender-icon-J3TE1N.jpg	uncertain
https://cardsplus.it/wp-content/uploads/2023/08/EA-FC-24-Icon-card-design.png	uncertain
https://w7.pngwing.com/pngs/233/608/png-transparent-christmas-icon-garland-holidays-leaf-christmas-decoration.png	uncertain
https://styles.redditmedia.com/t5_7iij81/styles/communityIcon_5vb9hqp0914a1.png	uncertain
https://cdn.vnda.com.br/1200x/matrizskate/2024/09/23/16_17_47_859_37dd2845030501d7a7cf16523a260f27.jpeg?v=1727119068	uncertain
https://gofish.lt/53085-large_default/fish-arrow-flash-j-sw.jpg	uncertain
https://pisces.bbystatic.com/image2/BestBuy_US/images/products/5714/5714709_sd.jpg	uncertain
https://cdn.media.amplience.net/s/hottopic/33445420_hi?$productMainDesktop$&fmt=auto	uncertain
https://pisces.bbystatic.com/image2/BestBuy_US/images/products/5714/5714709_rd.jpg	uncertain
https://datadog-docs.imgix.net/images/real_user_monitoring/session_replay/allow-3p-serviceworker-2.e662d3570950fffb5c71bd5a5a8a8e24.png?fit=max&auto=format	uncertain
https://pisces.bbystatic.com/image2/BestBuy_US/images/products/5714/5714709cv13d.jpg	uncertain
https://www.shutterstock.com/image-vector/business-candle-stick-graph-chart-600nw-2169971673.jpg	uncertain
https://www.shutterstock.com/image-vector/abstract-background-blue-arrow-shape-260nw-2450123745.jpg	uncertain
https://www.shutterstock.com/image-photo/stock-market-green-red-color-260nw-2396528053.jpg	uncertain
https://www.easy-quizzz.com/static/md/images/mobile-app/pt/teste-pratica-exame-pdf.webp	uncertain
https://cdn.vnda.com.br/1200x/matrizskate/2024/09/23/16_17_48_377_2cb893e196c7e2a11e8b7dfa7e4926b4.jpeg?v=1727119068	uncertain
https://cdn.media.amplience.net/s/hottopic/32993859_hi?$productMainDesktop$&fmt=auto	uncertain
https://gofish.lt/53078-large_default/fish-arrow-flash-j-sw.jpg	uncertain
https://datadog-docs.imgix.net/images/account_management/scim/ad-users-2.ca26d247142ba0e6ab8c8bf536a7f1a5.png?fit=max&auto=format	uncertain
https://pngimg.com/uploads/smiley/smiley_PNG27.png	uncertain
https://s7.orientaltrading.com/is/image/OrientalTrading/PDP_VIEWER_IMAGE/red-ladybug-baby-shower-invitations~14525710$NOWA$	uncertain
https://vehicle-images.dealerinspire.com/ae84-11000435/thumbnails/large/1C4RJKAG6R8615744/293a490870b5a3f36b702103887090d4.png	uncertain
https://cottonon.com/on/demandware.static/-/Sites-catalog-master-typo/default/dwfd353014/146356/146356-187-2.jpg	uncertain
https://www.easy-quizzz.com/static/md/images/mobile-app/it/quiz-test-pdf.webp	uncertain
https://cdn.pixabay.com/photo/2012/04/14/13/15/sea-33880_1280.png	uncertain
https://media.color-register.org/colour-hex-E86A3B-1200-630-fb.png	uncertain
https://iogo-uploads.s3.ca-central-1.amazonaws.com/wp-content/uploads/sites/2/2022/01/3041101_2KG_VANILLA_LACTOSE_FREE_3D-994x1308.png	uncertain
https://c8.alamy.com/comp/G6DJ5D/vector-illustration-of-single-isolated-icon-G6DJ5D.jpg	uncertain
https://images.rawpixel.com/image_social_square/czNmcy1wcml2YXRlL3Jhd3BpeGVsX2ltYWdlcy93ZWJzaXRlX2NvbnRlbnQvbHIvdjE3OC1uLWJlYWNoc3R1ZmYtMDJfMy5qcGc.jpg	uncertain
https://www.cardfactory.co.uk/dw/image/v2/BCXP_PRD/on/demandware.static/-/Sites-cardfactory-UK-master/default/dw22cca11a/images/Other-62191-.jpg?sw=1400&sh=1400	uncertain
https://datadog-docs.imgix.net/images/marketplace/rapdev-snmp-profiles/images/video.8d1ad6a011049b93a166baf3967ba30c.png?fit=max&auto=format	uncertain
https://media.istockphoto.com/id/136290436/photo/chocolate-letters.jpg?s=612x612&w=0&k=20&c=Qu3INDMa11kZ7ftP8Xa7AZAvkDuhOjAqFBm5lOwfLjc=	uncertain
https://www.shutterstock.com/image-photo/wood-bat-isolated-on-white-260nw-162814502.jpg	uncertain
https://cottonon.com/on/demandware.static/-/Sites-catalog-master-typo/default/dwbc2458db/146358/146358-54-2.jpg	uncertain
https://e7.pngegg.com/pngimages/806/315/png-clipart-fast-delivery-truck-cargo-delivery-icon-express-delivery-freight-transport-text-thumbnail.png	uncertain
https://s7.orientaltrading.com/is/image/OrientalTrading/PDP_VIEWER_THUMB$NOWA$/masterpieces-sesame-street-vehicles-6-pack-mini-shaped-jigsaw-puzzles~14489119-a01$NOWA$	uncertain
https://i5.walmartimages.com/seo/Shiz-University-Logo-W-I-C-K-E-Movie-Dear-Old-Shiz-Defying-Gravity-T-Shirt-Crewneck-Sweatshirt-Size-M-Tee-Sand-New_5a27e6fe-a03f-48a0-8836-8fc2cf3f5437.1749114ac9ac9a875d4bd617c5172b30.jpeg?odnHeight=117&odnWidth=117&odnBg=FFFFFF	uncertain
https://cdn.media.amplience.net/s/hottopic/33550808_hi?$productMainDesktop$&fmt=auto	uncertain
https://support.millenvpn.jp/wp-content/uploads/2022/10/2022-10-04_08h42_40-1024x634.png	uncertain
https://cdn5.vectorstock.com/i/1000x1000/89/74/flat-icon-design-collection-perfume-vector-16368974.jpg	uncertain
https://www.iugo.co.nz/wp-content/uploads/sites/4/2022/09/iUgo-presentation-image-8-connects-to-slide-12-1536x864-1.png	uncertain
https://media.color-register.org/colour-hex-61B8AA-1200-630-fb.png	uncertain
https://images.babylist.com/image/upload/f_auto,q_auto:best/u8vxu74mqn1ytfacgvtw.jpg	uncertain
https://png.pngtree.com/png-vector/20231124/ourmid/pngtree-bat-png-image_10691544.png	uncertain
https://images-static.nykaa.com/media/catalog/product/3/e/3e77ebbSG138_4.jpg	uncertain
https://true-magazine.com/wp-content/uploads/2014/12/TRUEMag_77_Fab_Ross-Split-cover.jpg	uncertain
https://cdn.media.amplience.net/s/hottopic/33814352_hi?$productMainDesktop$&fmt=auto	uncertain
https://www.gosugamers.in/wp-content/uploads/2024/11/Roblox-Locked.webp	uncertain
https://images.babylist.com/image/upload/f_auto,q_auto:best/aapgikbxmhj5uqmjpme2.jpg	uncertain
https://media.color-register.org/colour-hex-9B72B2-1200-630-fb.png	uncertain
https://www.shutterstock.com/image-photo/triple-hung-window-fixed-top-260nw-2065695806.jpg	uncertain
https://cdn3d.iconscout.com/3d/premium/thumb/coffee-cup-3d-icon-download-in-png-blend-fbx-gltf-file-formats--drink-beverage-mug-pack-food-icons-8470617.png	uncertain
https://www.skins.nl/media/25/9d/eb/1730398154/c728abc541d7ea859516124a3b5680c1.png?ts=1731341215	uncertain
https://iconcustombuilders.com/wp-content/uploads/2024/11/HMPKT_Footer_Logo.png	uncertain
https://down-ph.img.susercontent.com/file/sg-11134202-7reqb-m246h85pd3tc0f	uncertain
https://wallpapercave.com/wp/wp2610993.jpg	uncertain
https://cdn.dribbble.com/users/375995/screenshots/5945627/234234_4x.png	uncertain
https://i.etsystatic.com/10217805/c/897/897/176/0/il/466398/1565233295/il_800x800.1565233295_4pua.jpg	uncertain
https://e7.pngegg.com/pngimages/516/341/png-clipart-dc-superman-flash-batman-wonder-woman-and-green-lantern-batman-joker-superman-justice-league-dc-vs-marvel-batman-comics-heroes-thumbnail.png	uncertain
https://itravelcdn.com/enhance/images/e0dc314b-133d-466e-862d-6d81fbde2a46.png	uncertain
https://motociclismo.pt/wp-content/uploads/2024/11/OE_TFC_Bobber_MY25_05.jpg	uncertain
https://i.pinimg.com/736x/dc/3c/d4/dc3cd4da952235c5127f4ebe014a09bd.jpg	uncertain
https://www.livinginsider.com/upload/topic2525/67307999a37b4_4115.jpg	uncertain
http://www.ukas.co.uk/wp-content/uploads/2015/06/Products.jpg	uncertain
https://www.edureka.co/blog/wp-content/uploads/2022/10/New-Blog-Creative_1-2.jpg	uncertain
https://blog.bit.ai/wp-content/uploads/2022/12/mw1920_Product_quality-amico.jpg	uncertain
https://assets.thehansindia.com/h-upload/2022/07/18/1303611-pro.webp	uncertain
https://opportunitymarketing.co.uk/wp-content/uploads/2020/01/Product_Marketing-1030x586.jpg	uncertain
https://e7.pngegg.com/pngimages/902/890/png-clipart-car-motorcycle-handlebar-bicycle-handlebars-bobber-car-bicycle-car.png	uncertain
https://getuplearn.com/wp-content/uploads/2022/09/What-is-a-Product.jpg	uncertain
https://www.cambridge-dt.com/wp-content/uploads/2018/11/2018-11-sustainable-myro-deodorant.jpg	uncertain
https://www.advergize.com/wp-content/uploads/RAW_Pepsico.jpg	uncertain
http://1.bp.blogspot.com/-CY6Dp8YzhYU/UUtV35dxZeI/AAAAAAAAAGg/rhdO471T3kw/s1600/bestin-product-range.jpg	uncertain
https://images.viblo.asia/b2b4d959-e437-493b-a7ad-f2975f05ae3d.png	uncertain
https://www.bellobello.my/wp-content/uploads/2022/09/homegrown-food-product-brands-malaysia.jpg	uncertain
https://cf.ppt-online.org/files/slide/2/2WyxtrwXbmTO3kdNLV9l6uhEf1opGQCRK0zcJB/slide-1.jpg	uncertain
