MUrl	Puzzle_output
https://www.soulandlane.com/wp-content/uploads/2023/03/Coastal-Living-Room-With-Light-Wood-Coffee-Table-819x1024.jpg	0.00225320458
https://koopertins.com/images/erstaunliche-Terrasse-Terrasse-modern-gestalten.jpg	0.009555519
https://i.pinimg.com/originals/39/5a/5c/395a5c77dbfdc3c452e2998a2024e872.jpg	0.002903521
https://balconygardenweb.b-cdn.net/wp-content/uploads/2022/12/Allium-schoenoprasum.jpg	0.00373220444
https://new-images.org/wp-content/uploads/2016/11/18-1.gif	0.008552253
http://2.bp.blogspot.com/-QbgXIjl0AQ8/T044G84WptI/AAAAAAAAA4A/KKH7-NO8oYI/s1600/Screen+shot+2012-02-29+at+9.35.10+AM.png	0.0250424445
https://1.bp.blogspot.com/-o8tj7wQMpE4/WbfldFXnFcI/AAAAAAAAAmA/b6I9KmAIHU4gUajzfWZSSRfb7xRCc8gyQCEwYBhgL/s1600/IMG_20170227_194837.jpg	0.005414158
http://all-best.co/wp-content/uploads/2017/07/332-3.jpg	0.06778154
https://oliveetoriel.com/cdn/shop/files/Grazing-Board-Art-Print---OAK-noborder_2400x.jpg?v=1683257492	0.0334637761
https://i.pinimg.com/originals/ae/a6/db/aea6db1daa6e072550303cb6c9f43315.jpg	0.003786862
https://akpalkitchen.com/wp-content/uploads/2023/05/picnic-sandwiches-3.jpg	0.0123052895
https://i.pinimg.com/550x/44/55/ea/4455ea559cb2e6b456f24cbd457eb79f.jpg	0.005640924
http://love-img.com/wp-content/uploads/2019/11/10856-3.jpg	0.00444000959
https://i.pinimg.com/736x/0e/5e/13/0e5e135ad2792d93758164be28cbe4b6.jpg	0.009767234
https://women-girls.org/wp-content/uploads/2016/09/20160917-200.jpg	0.008443862
https://midanmarketing.com/wp-content/uploads/2022/04/22MDMCT002_April-Shelby-Report_Thumbnail_530x579.jpg	0.007947117
https://i.pinimg.com/736x/d0/fb/a3/d0fba3465cb42a4b75d83d8efca5232e.jpg	0.00167068839
https://www.healthy-delicious.com/wp-content/uploads/2021/01/almond-thumbprint-cookies-2.jpg	0.0112092793
https://i0.wp.com/www.ariyonainterior.com/wp-content/uploads/2020/04/How-To-Set-Up-A-Cosy-Reading-Nook-21.jpg?w=589&ssl=1	0.0022521317
https://www.3roos.com/wp-content/uploads/2024/01/1-219.png	0.00435712934
https://i.pinimg.com/originals/80/aa/46/80aa46d5a5a214b09c84c2f92b773770.jpg	0.0142919719
https://i.pinimg.com/originals/56/69/f0/5669f0f36c6a1fe8f114a4b3c422d272.jpg	0.0135898292
https://pbs.twimg.com/media/FU-uOd4XEAEGyEG.jpg	0.00334665179
https://shilpaahuja.com/wp-content/uploads/2019/01/red-wedding-sarees-marriage-bollywood-esha-deol.jpg	0.0116968453
https://i.pinimg.com/236x/b8/92/47/b8924752d1756b430fa264a54c09da0d.jpg	0.004611641
https://cl-drupal.orientaltrading.com/sites/default/files/steps/content-tall/desktop/2x/diy-tie-dye-apron.jpg	0.00264766812
https://i.redd.it/4zbwp1c8zft31.jpg	0.00194647908
https://static.hiamag.com/inline-images/العلاج الأنسب لك فيلر الذقن أو زراعة الذقن.jpg	0.003932774
https://www.hassans.com/media/wysiwyg/Artboard_1-100.jpg	0.00583702326
https://images.squarespace-cdn.com/content/v1/56981b2276d99ceb5bb678d5/1650988697491-ZOT844M65F9I3CN0JA7T/image-asset.jpeg	0.0287979245
https://i.pinimg.com/originals/09/f3/50/09f35080226b5425d8bf17b3c41b49e8.jpg	0.0031631887
https://preview.redd.it/all-my-little-makes-from-an-amigurumi-advent-i-added-faces-v0-h2dxrhdo7y8a1.jpg?width=1080&crop=smart&auto=webp&s=e40fa668f43f398fde99610470c755bcb79241ef	0.0553452075
http://love-msg.com/wp-content/uploads/2018/02/3728-8.jpg	0.002995491
https://images.saymedia-content.com/.image/t_share/MTc1NDU3NTU0ODgzODE0OTgw/top-10-greatest-male-tennis-players-of-all-time.jpg	0.0111754537
https://dpy2z8n9cxui1.cloudfront.net/application_image/standout_bathroom_tiles_and_bath_tub.jpg?width=600	0.008970976
https://homebnc.com/homeimg/2017/01/20-spring-decor-ideas-homebnc-v2.jpg	0.005288273
https://i.pinimg.com/736x/26/8c/bf/268cbfc3ef57b10b129f2fb84797cc9e.jpg	0.005788833
https://w0.peakpx.com/wallpaper/73/950/HD-wallpaper-katana-zero-games-gaming-indie-pixel.jpg	0.01884085
https://i.pinimg.com/originals/b2/cb/40/b2cb4043c9be59087ad4f8af9df7aab4.jpg	0.00334939361
https://1.bp.blogspot.com/-l-9uQUl6Ouk/XXpJ1TcBQxI/AAAAAAAAF5I/R7mbkW72jGgeChktezLeCT1wjw1kEBIPQCLcBGAsYHQ/s1600/%25D8%25AE%25D9%2584%25D9%2581%25D9%258A%25D8%25A7%25D8%25AA%2B%25D8%25A8%25D9%2586%25D8%25A7%25D8%25AA%2B%25D8%25AD%25D9%2584%25D9%2588%25D8%25A9%2Bhd%2B%25288%2529.jpg	0.00431489944
https://i.pinimg.com/736x/ac/54/73/ac54739716b0b8fbecd401df058af0ce.jpg	0.0131318867
https://www.mychefsapron.com/wp-content/uploads/Best-Mediterranean-Mezze-Platter-150x225.jpg	0.06336504
https://2.bp.blogspot.com/-kDP4uqX_HKI/UDNhlZZj2eI/AAAAAAAAD6o/o5cY3OFAl_g/s1600/578929_276332252467359_1226831232_n.jpg	0.00331005454
https://i.pinimg.com/736x/95/1a/e7/951ae7368bd3849a29bf54df7fe4a6bc.jpg	0.00212556124
https://i0.wp.com/cookinsta.com/wp-content/uploads/2021/11/250847311_285828763411939_5378003248402927333_n.jpg?fit=720%2C1280&ssl=1	0.008686781
https://i.pinimg.com/originals/5c/56/2c/5c562cd2a52b5ce68671c5bf24285ebb.jpg	0.004815221
https://e0.pxfuel.com/wallpapers/872/757/desktop-wallpaper-mom-dad-name-love-dad.jpg	0.00155425072
https://i.pinimg.com/236x/18/1b/df/181bdff5c7cb205c2dc205847975e7ed.jpg	0.0048955977
https://alqiyady.awicdn.com/site-images/sites/default/files/alqiyady-prod/article/9/6/391619/46d47ed859590a563c5af9c5e1c0aeef6c851a64-050221150445.jpg?preset=v3.0_970XDYN&rnd=12344&save-png=1	0.0344195664
https://www.uaewomen.net/wp-content/uploads/2019/11/5-55.jpg	0.008268833
https://www.sqorebda3.com/vb/attachments/24266/	0.00765129924
https://images.alwatanvoice.com/news/images/3911143466.jpg	0.00317528844
https://i.pinimg.com/originals/97/08/7e/97087eb57f8a83ca5e1a84df3ee9a5a2.jpg	0.00739824772
https://live.staticflickr.com/3268/2527625390_73c58a3e91_b.jpg	0.006945491
https://i.pinimg.com/originals/36/34/ae/3634ae2f0668774082bf5d33e2fa9d62.jpg	0.009915203
https://images.marthastewart.com/images/content/pub/weddings/2009Q1/mwa104426_win09_strawberry_xl.jpg	0.006241739
https://i.pinimg.com/originals/54/56/a5/5456a5361e69a05f3fbdf61c897e7860.jpg	0.003231883
https://i.pinimg.com/736x/d1/a0/a0/d1a0a04dc9b84f4e33f46c5430cb4fc0.jpg	0.008284897
https://i.pinimg.com/564x/37/22/c5/3722c5e2e353a924c42855195f6a24da.jpg	0.00616684556
https://p0.pikist.com/photos/987/85/mona-lisa-painting-art-oil-painting-artwork-leonardo-da-vinci-la-gioconda-woman-expensive-thumbnail.jpg	0.00677469373
https://static.hiamag.com/inline-images/رياضة التنس هي واحدة من أكثر الرياضات المفضلة لدى كاثرين أميرة ويلز.jpg	0.00578707457
https://www.3ql.com/wp-content/uploads/2022/08/61484f999178f3598aa86494e49d71f8.jpg	0.0071028173
https://www.elaosboa.com/wp-content/uploads/2024/05/elaosboa94580-1.jpg	0.0184152722
https://static.india.com/wp-content/uploads/2023/10/ice-baths-benefits.png	0.008313924
https://i.pinimg.com/originals/f3/93/b2/f393b234b2dadbadf22d4a8e274e2b61.jpg	0.005587101
https://hips.hearstapps.com/hmg-prod.s3.amazonaws.com/images/hbx059917paint01-1549932574.jpg	0.00351884961
https://i.pinimg.com/736x/2e/b2/60/2eb2602786df78c4a3f86011b6ceb89c.jpg	0.009907901
https://myprojectideas.com/wp-content/uploads/2024/01/word-image-16303-4.jpeg	0.0180464387
https://pbs.twimg.com/media/EUPITGtWAAI6SlK.jpg	0.009446263
https://yummy.awicdn.com/site-images/sites/default/files/prod/recipe/c/a/483892/98dd9725c9aadc41cd9bac7dffc1a5a1a47056e0-130622131250.jpg?preset=article-main-img&save-png=1&rnd=1519151RND220215	0.009716541
https://lh3.googleusercontent.com/-qlJg-bspDVE/WvD97vcRoYI/AAAAAAAAAt4/lO7NCyHxn7Mc3lG6wpcmQdMSHM6881mhQCHMYCw/s1600/cute-outfits-black-blouse-skinny-jeans-white-sneakers-2017.jpg	0.008374453
https://images.pexels.com/videos/6549651/pexels-photo-6549651.jpeg?auto=compress&cs=tinysrgb&dpr=1&w=500	0.00290235877
https://pbs.twimg.com/media/FGXuw4rWQAIZDKu.jpg	0.0199506879
https://www.etarfanni.com/wp-content/uploads/2020/04/photo-of-person-holding-oil-paints-3392969-1-scaled.jpg	0.00378710032
https://i2.wp.com/hbeb.cc/wp-content/uploads/2019/09/10650-8.jpg	0.01140663
https://camillestyles.com/wp-content/uploads/2021/12/0a63f0e9-kale_pasta_01-888x1333-1-768x1152.jpg	0.00681209564
https://img4cdn.haraj.com.sa/userfiles30/2022-08-07/708x1280-1_-GO__MTY1OTg2ODU3NTEzODg3NzkzODc3Mw.jpg	0.0166715682
https://dashboard.supermama.me/photos/56090/5fbd334af168b.jpg	0.0149275661
https://www.ounousa.com/wp-content/uploads/2020/05/171219090413665.jpg	0.01109615
https://i.pinimg.com/originals/f5/2f/ea/f52fea760cf932fdeef053baf2529f72.jpg	0.00356429815
https://carlsbadcravings.com/wp-content/uploads/2017/08/Asian-Salad-6.jpg	0.006503552
https://i.pinimg.com/736x/c0/cb/cd/c0cbcde2c352ac54f4873c3bcb2b07af.jpg	0.05521795
https://i.pinimg.com/736x/26/57/5e/26575e765b6432a324f0969444895368.jpg	0.00515535474
https://i.pinimg.com/originals/80/06/61/800661c3f1455e56ed72587bec9cebb3.jpg	0.015404433
https://i.pinimg.com/originals/37/2c/fb/372cfbb6dc4832a799527cb043eeb34b.jpg	0.0111606717
https://www.animals-wd.com/wp-content/uploads/2018/01/17-jpg-68896992324867144-782x1024.jpg	0.005812347
https://www.magicaesthetic.com/wp-content/uploads/2018/07/fat-face-contouring.jpg	0.0215787888
https://www.furnituredecor.org/wp-content/uploads/2022/10/loft-bed-ideas-1.jpeg	0.003903687
https://i.pinimg.com/736x/ec/66/92/ec669220cd23820cbdfe01b1465ef4ff--driftwood-projects-driftwood-ideas.jpg	0.00264021754
https://i.pinimg.com/236x/0d/3c/6c/0d3c6c8b3d8262abcac77a0ad667a8e5.jpg	0.0106446743
http://www.marefa.org/images/2/24/Soltaniyeh_interiors.jpg	0.004897654
https://zestforbaking.com/wp-content/uploads/2021/09/gluten-free-frosted-pumpkin-cookies-1.jpg	0.008572996
http://artsyfartsylife.com/wp-content/uploads/2017/12/home-office-plants.jpeg	0.0176480114
https://i0.wp.com/beautyandthebookshelves.com/wp-content/uploads/2019/10/IMG_9468.jpg?w=480&ssl=1	0.00662609935
https://i0.wp.com/godiygo.com/wp-content/uploads/2020/02/1400976381286.jpeg?resize=600%2C800&ssl=1	0.008135557
https://i.pinimg.com/736x/35/7c/28/357c28f64690ac575e19b756f9d96b71--knitting-patterns-free-kids-crochet-hats-free-pattern.jpg	0.00627225637
https://i.pinimg.com/736x/31/37/52/3137523c6144a19d39226041ba0ecbd5.jpg	0.0271856189
https://i0.wp.com/danielalabory.com/wp-content/uploads/2023/01/142A9503-scaled.jpg?ssl=1	0.009666353
https://insightsgreece.com/wp-content/uploads/2022/02/Santa-Maris-Oia-2-.jpg	0.00153982639
https://i1.adis.ws/i/canon/get-inspired-composition-tips-urban-cityscapes-5_a72e455454a8433294177c2eac6f439d?$media-collection-half-dt-jpg$	0.004277557
https://1millionideas.com/images/3s/2021/11/30-Easy-to-make-DIY-Garden-Decoration-Ideas23.jpg	0.11640045
https://lh3.googleusercontent.com/proxy/AWZDHwyLH4bleB7rdleuKr9gKa56r0R2WxmjjpGuE2ZK76ltV_ugWNfWEZEa_ND9BDgafLlgG9p0jYEfzDhVpfBe4_qvnpCDjSfaPlRBQiFu9YlcuZ8cqJS7qLgNc87N3YgHwYYCtdpFCUCqNpfZLigZBvDcKVuobVTNPG2lNBM=s0-d	0.156189233
https://dashboard.supermama.me/photos/56090/5fb1367c9c492.jpg	0.165255666
http://4.bp.blogspot.com/-vbesUnoZAzY/VGDuWkrK__I/AAAAAAAADB8/MO3MoEGzVPk/s1600/little%2Bsengab_01.jpg	0.130338848
https://www.jeddahcafe.com/wp-content/uploads/2019/01/50286409_116728872740989_4787473337989745580_n.jpg	0.101024
https://kmajeh.com/wp-content/uploads/2017/11/beeline_go_poster_a3-all_aotw.jpg	0.119659692
https://images.squarespace-cdn.com/content/v1/6015a922645a930edf98b4d0/d7fd3227-4a4a-43d6-ace5-03391129c6b2/Ideas+for+a+vision+board+collage	0.132976919
https://dorar.at/imup2/2022-03/79543.fb_img_1648221296934.jpg	0.141705275
https://www.belarabyapps.com/wp-content/uploads/2020/01/animals-craft-from-spoon-plastic.jpg	0.192755431
https://pic.i7lm.com/wp-content/uploads/2019/07/66150373_2511970275755798_7914832936422080512_n.jpg	0.155933768
https://www.al-watan.com/uploads/imported_images/data/20170810/images/37_6_1.jpg	0.135477811
http://p6.storage.canalblog.com/61/95/790959/85336520_p.jpg	0.106710523
https://i.pinimg.com/736x/98/53/8b/98538bd008a2517bc135eec867ca9465.jpg	0.17506215
https://i.pinimg.com/736x/8a/fc/ca/8afcca07cc26792e96e7700a241b074f.jpg	0.1179823
https://cdn4.premiumread.com/?url=https://omandaily.om/omandaily/uploads/images/2024/01/16/2551449.jpg&w=400&q=72&f=jpg&t=1	0.106844515
https://i.pinimg.com/originals/62/a2/64/62a264b0c0748f3f33bdd6c19a9594ba.gif	0.135032743
https://3.bp.blogspot.com/-HPFgS7clHiQ/W_naXNb1FMI/AAAAAAAASHo/M1LWh1BytOMepAI99Ddw0hEZgtvwHop9QCLcBGAs/s1600/%25D8%25A7%25D8%25AC%25D9%2585%25D9%2584_%25D8%25AE%25D9%2584%25D9%2581%25D9%258A%25D8%25A7%25D8%25AA_%25D8%25AB%25D9%2584%25D8%25A7%25D8%25AB%25D9%258A%25D8%25A9_%25D8%25A7%25D9%2584%25D8%25A7%25D8%25A8%25D8%25B9%25D8%25A7%25D8%25AF_3D_%25D9%2584%25D9%2584%25D8%25AC%25D9%2588%25D8%25A7%25D9%2584%25D9%2584%25D9%2584%25D9%2585%25D9%2588%25D8%25A8%25D8%25A7%25D9%258A%25D9%2584%2B%25284%2529.jpg	0.1503247
https://shattacmon.com/wp-content/uploads/2022/12/WhatsApp-Image-2022-1-1.jpg	0.10592103
https://i.pinimg.com/originals/cd/55/38/cd553830e2cd8d3d612ddda29b574f52.jpg	0.153471917
https://www.altreeq.com/img/21/04/26/16194415159309115.jpg	0.136601031
https://www.peanutbutterandfitness.com/wp-content/uploads/2023/04/Weekly-Meal-Prep-Recipes-Plan-4.16.23-1-680x850.jpg	0.12960887
https://www.refinery29.com/images/10860566.jpg	0.1229305
https://i.pinimg.com/736x/45/6d/fe/456dfe11eb23d723d8b44c1ff1786f1e.jpg	0.10683763
https://arabicook.com/wp-content/uploads/2018/04/word-image-26.jpeg	0.146717042
https://cookinsta.com/wp-content/uploads/2023/01/1673145355_322214683_181978527783984_6751515237408228763_n.jpg	0.115218788
https://img.arabshoppy.com/ae04/kf/Hdfa5040ec5eb4ce3982d4ed2e8d0d44dj.jpg	0.15988782
https://atarh.net/wp-content/uploads/2019/08/2482-1.jpg	0.115086824
https://i0.wp.com/www.skiptomylou.org/wp-content/uploads/2023/05/Picnic-charcuterie-board-ideas-Recipe-snowflakesandcoffeecakes-VINEYARD-CHARCUTERIE-BOARD-PICNIC-800x1165.jpg	0.114068508
https://i.pinimg.com/236x/5c/83/fe/5c83fef22a00183ab2dbd0b0cdfd41a3.jpg	0.1258933
https://live.staticflickr.com/2469/3907268750_558d374bd3_z.jpg	0.141327322
https://i.pinimg.com/originals/15/74/c9/1574c91adfb77ba3271724be4fc743a5.jpg	0.1304673
https://i.pinimg.com/736x/9e/f2/72/9ef272976ed6c748921234603133ac3c.jpg	0.136847675
https://i.pinimg.com/736x/96/cd/1f/96cd1f412acd4c3ec1aef985147adc6a.jpg	0.1671283
https://kreatecube.com/usefull/Common/2/524.jpg	0.105001986
https://i0.wp.com/www.belarabyapps.com/wp-content/uploads/2019/09/door-classroom-1.jpg?resize=449%2C599&ssl=1	0.183450162
https://www.zakibook.com/wp-content/uploads/2017/06/17499107_1368577459887929_5255627806979309566_n.jpg	0.185457468
https://hips.hearstapps.com/hmg-prod/images/gallery-wall-photo-wall-1-64988c9c4d0fa.jpg?resize=980:*	0.157266676
https://i.pinimg.com/originals/a8/14/57/a814572b952a49038a61bb4bfd545411.jpg	0.174434781
http://new-images.org/wp-content/uploads/2017/02/12222.gif	0.1032809
https://i.pinimg.com/736x/6b/9d/95/6b9d95aa779d32989909ed66de602b14.jpg	0.164575249
https://www.neelwafurat.com/images/lb/abookstore/covers/normal/383/383232.jpg	0.1036399
https://cdn.youcan.shop/stores/c24237b34a6f930694ce2ac203a89263/products/rtOreecSCeQrwFr3tq8a0e6u16jHzc1bm74LJHF0.png	0.122394055
https://www.dostor.org/Upload/libfiles/390/5/111.jpg	0.100327045
https://admin.thebookhome.com/ControlPanel/Content/BookImgs/قصة-العلوم-دار-الشروق-بيت-الكتب.jpg	0.112705082
https://www.librarieshawaii.org/wp-content/uploads/2021/07/The-No-Cook-Cookbook-1.jpg	0.162167609
https://www.avantgardevegan.com/wp-content/uploads/2019/03/IMG_0545.jpg	0.102317989
https://i.pinimg.com/originals/a8/c1/d3/a8c1d31b9b713c38128a4ff0272b7554.jpg	0.184415162
https://dqt8gd4elnkw6.cloudfront.net/image/MIJeirE4RNeon-nails-trends-to-try-02.jpg	0.117186964
https://www.peanutbutterandfitness.com/wp-content/uploads/2023/04/Weekly-Meal-Prep-Recipes-Plan-4.16.23-1-680x850.jpg	0.129609555
https://i.pinimg.com/736x/3a/aa/df/3aaadf9ca4e8678444e4418c637d13ed.jpg	0.148726344
https://images.rawpixel.com/image_800/cHJpdmF0ZS9sci9pbWFnZXMvd2Vic2l0ZS8yMDIzLTAzL2pvYjE1MzJkZXNpZ24tcmVtaXgtMDhhLWMuanBn.jpg	0.132685274
http://disenoideas.com/wp-content/uploads/2017/11/retro-collage-graphic-design-disenoideas-marbella.jpg	0.146976948
https://i1.wp.com/www.newphotodownload.info/wp-content/uploads/2018/07/صور-اكل-16.jpg?ssl=1	0.142203569
https://i.pinimg.com/736x/32/e7/37/32e737f8dd9f9d573b322c6fbb1cd3e4.jpg	0.103683531
https://i.pinimg.com/originals/8f/88/62/8f8862115867ab85839ecdbc6dcd2bf3.jpg	0.15597862
https://2.bp.blogspot.com/-sDv-mxQd8oU/XIk_wCyKikI/AAAAAAAAMOo/9uzSNufoXGYNj1iro3Zeb8fcOjNTIO9JwCLcBGAs/s640/%25D8%25B1%25D8%25B3%25D9%2585%2B%25D8%25AF%25D8%25A8%2B%25D9%2584%25D9%2584%25D8%25A7%25D8%25B7%25D9%2581%25D8%25A7%25D9%25841.jpg	0.173627228
https://www.avantgardevegan.com/wp-content/uploads/2019/03/IMG_0545.jpg	0.102317512
https://i0.wp.com/bookishcoffeeblog.com/wp-content/uploads/2019/10/35758543-1.jpg?resize=195%2C300&ssl=1	0.10602352
https://dinnerthendessert.com/wp-content/uploads/2021/07/Thanksgiving-Turkey-Meatloaf-12-688x1032.jpg	0.1604136
https://mimg6cdn.haraj.com.sa/userfiles30/2023-03-05/733x900_EE13EF70-B44D-4FCB-A3AC-FAC13D00B6DF.jpg	0.111207604
https://www.cairo24.com/Upload/libfiles/108/1/850.jpg	0.107888758
https://images.rawpixel.com/image_800/cHJpdmF0ZS9sci9pbWFnZXMvd2Vic2l0ZS8yMDIzLTAzL2pvYjE1MzJkZXNpZ24tcmVtaXgtMDYtYy5qcGc.jpg	0.126452625
https://waseet-alyoum.com/wp-content/uploads/2021/01/سمك.jpg	0.133634418
https://www.neelwafurat.com/images/lb/abookstore/covers/normal/317/317578.jpg	0.115642935
https://img.3ain.net/ArticleImgs/2018/12/5/125024-47577920_363801097712500_7001046066871140352_n.jpg	0.12580198
http://fb.ru/misc/i/gallery/29043/1214711.jpg	0.123562425
https://i.pinimg.com/736x/fc/12/83/fc12832e3f57bb23b90fde0413509ce1.jpg	0.169265
https://i.pinimg.com/originals/5d/87/0a/5d870a2b2390761ddce9cf322e20cd5c.jpg	0.142984241
http://gulfkids.com/pdf/Alami_14_gulfkids.jpg	0.10573411
https://i.pinimg.com/originals/6c/e6/3f/6ce63f962e563df1991f6e53df3870ec.jpg	0.1500929
https://i.pinimg.com/originals/33/5d/0f/335d0f1527a5091ac8ae02814f75509a.jpg	0.143194735
https://kafiil.s3.eu-central-1.amazonaws.com/media/gig_other/39d85fde3b15affb0cae4bfca9746de7/c/2c13e730ba35c1f14dfadd612422a76e-large.jpg	0.1716617
https://www.classicphotobooth.net/wp-content/uploads/2023/08/Newlyweds-in-a-photo-booth_Midjourney.gif	0.122793764
https://i.pinimg.com/736x/24/d7/9b/24d79bcae0acc918ecefde1099ee14b5.jpg	0.1976442
https://i.pinimg.com/736x/a0/1b/a3/a01ba30ae0d380ad9305943684b1af57.jpg	0.171355009
https://wallpapers.com/images/hd/cozy-1080-x-1350-background-rj1bsvqc3z4i29if.jpg	0.271672457
https://i.pinimg.com/originals/eb/23/ac/eb23aca25fb11a1e0d55039ac99bfda8.jpg	0.228227288
https://1.bp.blogspot.com/-7v0rNFh4w6o/VnMXleZJy2I/AAAAAAAAAgM/Bb7W_Dp8gK0/s1600/10.jpg	0.294180334
https://i.pinimg.com/originals/cc/b4/77/ccb477e309369edcea4d2333ef7e3759.jpg	0.213215947
https://www.janespatisserie.com/wp-content/uploads/2023/01/CookieDoughBrownies10-2.jpg	0.241010815
https://image.wedmegood.com/nw/wp-content/uploads/2017/02/cb8cd7efd86ba2b6e4e9401f53d4fed8.jpg	0.25055337
https://i.pinimg.com/736x/98/cb/62/98cb62ee59ef691ddaace6a0e2cc85f5.jpg	0.28497082
https://www.nologygate.com/data/images/2024/02/ZTE-Nubia-Red-Magic-9-Pro_71229.jpg	0.266506135
https://pic.pikbest.com/00/46/42/3888piCn888piC4kb.jpg-0.jpg!sw800	0.217412949
https://i.pinimg.com/originals/87/ba/bb/87babb8de00a924f7c2cbe55c42ca62c.jpg	0.257662773
https://mostaql.hsoubcdn.com/uploads/thumbnails/334278/62c2f02e5ccb9/20.png	0.2007646
https://koopertins.com/images/3-elegante-Hochzeitseinladungen-Boot-Reise-originelle-Idee-kreatives-Design-romantisch1.jpg	0.275363863
https://www.thaqfny.com/wp-content/uploads/2023/10/السوبر-الافريقي.jpg	0.200839877
https://i.pinimg.com/736x/0a/fb/a0/0afba0699859d1e4bdcbd9da9f62dad5.jpg	0.3352176
https://1.bp.blogspot.com/-SbiWNW4J-B8/XondKg15GnI/AAAAAAAABig/HFcRftDPBsMxYqjZJCnRH7nZUyI7lDQOACK4BGAsYHg/%25D8%25A8%25D8%25B1%25D9%2588%25D9%2581%25D8%25A7%25D9%258A%25D9%2584.PNG	0.326132685
https://www.pantone.com/media/wysiwyg/fashion-color-trend-report/2024/spring/new-york/pantone-fashion-color-trend-report-spring-2024-new-york-hero.webp?auto=webp&format=pjpg&quality=85	0.37822172
https://www.thaqafnafsak.com/wp-content/uploads/2015/03/تمارين-لحرق-دهون-الرجال-12.jpg	0.391976327
https://i.pinimg.com/originals/a4/0a/5a/a40a5af86b8922e84dd8bb13a0aaa40c.jpg	0.358037174
https://cdn.baianat.com/articles/2_1562173096538_o5yh9k.jpg	0.300771654
https://new3.co/wp-content/uploads/2020/02/8787-1.jpg	0.3177088
https://cutee.net/wp-content/uploads/2020/07/10297-7.jpg	0.329296529
https://m.media-amazon.com/images/I/71wTvuUkTPS._AC_SL1500_.jpg	0.314806968
https://pbs.twimg.com/media/Fg0tI4MUcAEq7R1?format=jpg&name=large	0.399937272
https://i.pinimg.com/originals/ee/50/15/ee5015af0db24496052c3a483df1f8e3.jpg	0.379367471
https://gohippiechic.com/wp-content/uploads/2017/10/3-10-640x832.jpg	0.47971034
https://qafilah.com/ar/wp-content/uploads/2013/11/611.jpg	0.427925438
https://mir-s3-cdn-cf.behance.net/project_modules/max_1200/cfa46726696967.56359176ce04b.jpg	0.428762019
https://mobimg.b-cdn.net/lwallpaper_img/sweets/real/1_sweets.jpg	0.4121068
https://nerdabouttown.com/wp-content/uploads/2022/06/wolf-nail-designs18-286x300.jpg	0.47545433
https://1.bp.blogspot.com/-Ui1XOyFqgPI/YZ6hyYYdJ8I/AAAAAAAAzHE/_Vsn50Y29JcXZpNlsxUAzIQBxnNgQxguwCLcBGAsYHQ/s2048/%25D8%25B2%25D9%258A%25D9%2586%25D8%25A8%2B%25D8%25A7%25D9%2584%25D9%2585%25D8%25BA%25D9%258A%25D8%25B1.jpg	0.58981353
https://i.pinimg.com/originals/a6/0d/01/a60d01ed0f6f0ed279e5e1f00b971e37.png	0.5245339
https://sehaweghethaa.com/wp-content/uploads/2023/08/1-1.jpg	0.550415933
https://www.alebdaa.ae/cdn/shop/files/4C07EC95-9E2C-4912-8ACC-84C69B34B6E0.jpg?v=1701113038&width=600	0.555593848
https://i.ytimg.com/vi/fbOjd8cEz-4/oar2.jpg?sqp=-oaymwEkCJUDENAFSFqQAgHyq4qpAxMIARUAAAAAJQAAyEI9AICiQ3gB&rs=AOn4CLDlhuDmk9FHEe19iaxFTB3STsLEyw	0.5614705
https://i.pinimg.com/736x/6f/08/98/6f0898895aa3a1246683114850ac78bf.jpg	0.5757338
https://stateless.patterncenter.com/2019/03/Moonpetals-473x1024.jpg	0.5025906
https://i.pinimg.com/originals/de/2c/30/de2c303b6c97a627fa0d3c38f5cdb74a.jpg	0.687358141
https://trendwoow.com/wp-content/uploads/2022/08/209636-iwpckc-600x715.jpg	0.6660034
https://i.pinimg.com/originals/de/60/90/de6090d7c5fafeaad751877ccff56afc.jpg	0.639672935
https://i.pinimg.com/736x/08/7d/09/087d091aaed2cbb17e4b355c7fc0983b.jpg	0.663661361
https://i.pinimg.com/236x/6b/fc/f5/6bfcf5a78c043cfbe29bf9a7d88a61f7.jpg	0.65299505
https://i.pinimg.com/originals/fc/58/a6/fc58a61081e1716db6ef587b551ab483.jpg	0.7122243
http://www.cartoondistrict.com/wp-content/uploads/2018/09/Easy-Collaborative-Art-Projects-For-Kids5.jpg	0.7887272
http://www.cartoondistrict.com/wp-content/uploads/2018/09/Easy-Collaborative-Art-Projects-For-Kids5.jpg	0.7887285
http://2.bp.blogspot.com/-SNjAdhpfCeQ/VE7n5pQIgYI/AAAAAAAATMo/Jeb3ZjkhSSc/s1600/IMG_0112.jpg	0.706929266
https://4.bp.blogspot.com/-nAfY5g2e0LM/VP4aK82U6HI/AAAAAAAAfHs/cHc0z99tDJM/s1600/_DIY_Candle_Holder.jpg	0.798462868
https://i.ytimg.com/vi/nZ4Du1rFosc/oardefault.jpg?sqp=-oaymwEkCJUDENAFSFqQAgHyq4qpAxMIARUAAAAAJQAAyEI9AICiQ3gB&rs=AOn4CLC5ByByJWBpMiv8xqSAGXXVq6J8OQ	0.7540599
https://ra2ej.awicdn.com/site-images/sites/default/files/ra2ej-prod/article/6/4/397621/92d142a0ac056495d94ac8370bd51e2a533f461d-230321101149.jpeg?preset=v3.0_970XDYN&rnd2=123&save-png=1	0.7943976
https://images.dubizzle.com.eg/thumbnails/82524739-800x600.jpeg	0.7041861
https://i0.wp.com/1.bp.blogspot.com/-yNuUKnuDbN8/XWC65SChsLI/AAAAAAAALd4/jLVxjCpqGHMCaXjJno6ydiklA_TJp_dgQCLcBGAs/s320/IMG_20190824_071443.jpg?resize=181%2C320&is-pending-load=1#038;ssl=1	0.718405843
https://1.bp.blogspot.com/-f5tTiFiLgHs/VwQFHy0HQJI/AAAAAAAAWkk/9pVeyjhYx4A8KzU_dSRkuW4b6Ta2KIOMg/s1600/%25D8%25B7%25D8%25B1%25D9%258A%25D9%2582%25D8%25A9%2B%25D8%25B9%25D9%2585%25D9%2584%2B%25D8%25A7%25D9%2584%25D8%25B1%25D8%25B2%2B%25D8%25A7%25D9%2584%25D8%25A8%25D8%25AE%25D8%25A7%25D8%25B1%25D9%258A%2B%25D9%2584%25D9%2584%25D8%25A3%25D8%25B1%25D8%25B2.jpg	0.707804739
https://cdn.shortpixel.ai/client/q_glossy,ret_img,w_735,h_1102/https://www.cassiescroggins.com/wp-content/uploads/2021/06/Goals-for-2016-Pinterest.jpg	0.8603281
https://i.pinimg.com/originals/df/14/fb/df14fbe2fb9c0e2892ee87768658bb6b.jpg	0.8265296
https://d2bzx2vuetkzse.cloudfront.net/fit-in/0x450/outfits/489bfb1c-4c5d-4930-9035-abd6c1c81bd5.jpeg	0.858781
https://mostaql.hsoubcdn.com/uploads/thumbnails/798765/5f8f600e41661/IMG20201020233146259.jpg	0.8809477
https://pbs.twimg.com/media/FgkBZPdXEAEozx3.jpg	0.8118305
https://www.craftsonsea.co.uk/wp-content/uploads/2019/02/spring-crafts-for-toddlers-preschool-easy-300x598.jpg	0.8867065
https://i.pinimg.com/736x/80/88/60/808860fc6898bc9261e88f8d8d7ee54c.jpg	0.8070571
https://i.pinimg.com/236x/74/4d/ff/744dfff88f0dadf2cf48db8b7eff67ae.jpg	0.841207147
https://rainydaymum.co.uk/wp-content/uploads/2017/11/reindeer-snacks-long-pin-200x300.jpg	0.878698
https://neswan.cc/wp-content/uploads/2019/11/12892-8.jpg	0.8869747
https://women-girls.org/wp-content/uploads/2016/11/20161110-158.jpg	0.845358
https://i.pinimg.com/originals/87/e1/75/87e17573fa5680d8ebc704c9ecf594af.jpg	0.899792433
https://i.pinimg.com/originals/58/e7/2b/58e72b8e4449c31ccbff15fdaed3df7e.jpg	0.8620417
https://pic.pikbest.com/00/47/46/55e888piCyHJ.jpg-0.jpg!bw700	0.816980958
https://i.pinimg.com/736x/f0/b8/cb/f0b8cb0766878e48fad8ed449a16c95b.jpg	0.9959814
https://static.toiimg.com/thumb/msid-104551873,imgsize-118560,width-900,height-1200,resizemode-6/104551873.jpg	0.9931133
https://upload.3dlat.com/uploads/3dlat.net_13_17_755b_7d09c0640b264.jpg	0.9477825
https://i0.wp.com/www.belarabyapps.com/wp-content/uploads/2023/05/recycling-plastic-bottle-games-2.webp?resize=500%2C760&ssl=1	0.9790553
https://1.bp.blogspot.com/-JKN4kMLBCLk/XWx5UOwBMGI/AAAAAAAARCE/rm2_FSPB7WIptGGBFJOEfuDEeMe2W2ozQCEwYBhgL/s1600/SUE%2BPLUMB_STENCILGIRL_STENCIL%2BSTREET%2BSHOES_PROCESS4.jpg	0.9911561
https://pic.pikbest.com/00/54/08/28c888piC283.jpg!bw700	0.9808738
https://atarh.net/wp-content/uploads/2019/09/3222-3.jpg	0.937983155
https://media.blitsy.com/wp-content/uploads/2021/11/How-to-Make-Tie-dye-Face-Mask.jpg	0.9291218
https://i0.wp.com/paintartco.com/wp-content/uploads/2019/01/برنامج-الرسم-الرقمي.jpg?resize=214%2C332&ssl=1	0.9850393
https://www.palletideas.info/wp-content/uploads/2017/03/pallet-bed-attached-bed-for-little-kids.jpg	0.9596505
https://www.favfamilyrecipes.com/wp-content/uploads/2022/10/Lunch-Ideas-Tall.jpg	0.9970598
https://i.pinimg.com/736x/2c/d2/c5/2cd2c50e608c44e38560e7d638722920.jpg	0.9421518
https://familytasty.com/wp-content/uploads/2023/08/حلى-قوالب-السيلكون-بالبسكويت.jpg	0.9954212
https://image.emails.asda.com/lib/fe2f11737364047f771278/m/1/wk09-stacey-280224-04a.gif	0.9943781
https://images.samsung.com/is/image/samsung/assets/eg/p6_gro2/p6_initial_explore_detail/photography/mx0153_explore_what-is-nightography-your-guide-to-the-basics/mx0153_explore_nightography_feature-full-bleed1_mo_720x1080.jpg?$720_N_JPG$	0.9861214
https://i.pinimg.com/564x/95/46/3e/95463e3b33c19db6abb6abbc5dcd6ac4.jpg	0.9644037
https://i.pinimg.com/736x/ae/4b/28/ae4b280c085d168f5f7dcde540dbb96b.jpg	0.9890994
https://www.spoonforkbacon.com/wp-content/uploads/2021/02/dinner-recipes-688x916.jpg	0.963487744
https://www.itakeyou.co.uk/wp-content/uploads/2023/10/autumn-collage-6.jpg	0.995789
http://media-cache-ec0.pinimg.com/originals/60/0a/12/600a12fbfaa33277378ebcee38d3c3c1.jpg	0.994303
https://i.pinimg.com/originals/80/16/d3/8016d3dae73732d6aecb105cc2bbc19f.png	0.9916779
https://static.toiimg.com/thumb/msid-102386829,imgsize-109126,width-900,height-1200,resizemode-6/102386829.jpg	0.996577263
https://cdn.wallpapersafari.com/18/27/GKslH9.jpg	0.9843458
https://thehiddenveggies.com/wp-content/uploads/2023/11/vegan-thanksgiving-main-dishes-1-1024x1536.jpg	0.998215
https://i.pinimg.com/originals/58/20/c3/5820c3f78a8cb2e086965bebbaa361e7.jpg	0.979707956
https://s3.amazonaws.com/tasmeemme.project.mi.thumbnails/resize_805x9000/741/379741.jpg	0.9933742
https://www.ngmisr.com/wp-content/uploads/2022/10/9ca9cf6e6ea4ffa821db433c061cf3a7.jpg	0.99323225
https://img.buzzfeed.com/buzzfeed-static/static/2016-09/14/16/asset/buzzfeed-prod-fastlane02/sub-buzz-31154-1473885874-1.jpg	0.995905
https://miro.medium.com/v2/resize:fit:720/1*Qex6LDV0HIraOd5yqjDbCA.jpeg	0.99539
https://icona.almasryalyoum.com/wp-content/uploads/2022/12/How-to-Dress-for-New-Years-Eve-Gear-Patrol-formal-party-inline-v3.jpg?x79937	0.991162658
https://i.pinimg.com/736x/18/09/f0/1809f02e167882160ad22b1a53e8b4ba.jpg	0.9939774
https://i.pinimg.com/736x/51/59/b3/5159b3b2722b64b2ffd818f72b1f733e.jpg	0.9903482
https://gleemtours.com/wp-content/uploads/2023/01/Group-1-13.png	0.990166664
https://i.pinimg.com/originals/2c/e9/5d/2ce95dafd2994ec14fd4cc28ae2aee1b.jpg	0.991874158
https://www.kidsartncraft.com/wp-content/uploads/2022/11/gorgeous-diy-christmas-candles-FS-Kidsartncraft.jpg	0.9956785
https://www.thaqafnafsak.com/wp-content/uploads/2015/04/عمل-البيض-الإسبانش-وصفة-مختلفة-4.jpg	0.9910773
https://i.pinimg.com/originals/a1/73/98/a1739899c52eb7afd5a56e044c4e9e69.jpg	0.9949008
https://i0.wp.com/abbiekay.com/wp-content/uploads/2019/08/Vacation-Vibes.jpg?w=2000&ssl=1	0.9681425
https://i.pinimg.com/originals/12/b8/24/12b8247b8ace6a0dc9424570c2546a22.jpg	0.9961836
https://blogger.googleusercontent.com/img/b/R29vZ2xl/AVvXsEhcweq0Q5jEJZQHT_VAaqLEyejQAuJpa4DiGizjUuLNAl5rl6WIA8e4Ys0nK8sE4b0E8khYI_9Jz96mWWSxxVY3u1mv1HftQMToiPklBod9OrLbmljI60UyQr-_xpHw49Zk_vOvMdZn9XRimr8CBjzRTLmXJ4wdpgYv6OypGgRq5T_chthd1ySZFABEn7h4/w0/435971547_849299050570328_5027238809989774247_n.jpg	0.997584164
https://familytasty.com/wp-content/uploads/2023/07/البقلاوة-التركية.jpg	0.996704
https://images.squarespace-cdn.com/content/v1/50f47907e4b07b02ee528226/1448931186598-WQ7FN90ZBP0IM9NL7TU1/ke17ZwdGBToddI8pDm48kOyxdgnfQL4oGhuBWN470zcUqsxRUqqbr1mOJYKfIPR7LoDQ9mXPOjoJoqy81S2I8GRo6ASst2s6pLvNAu_PZdKswNitowkwJDAXFNI4g_susiyf5moRCiIn3D4-MdFnymmvIUa6z5FneJ7iYqd3iJA/10+DIY+ideas+for+Photo+Gifts	0.998607755
https://i.pinimg.com/originals/6c/5a/42/6c5a428df37a1a280f64de76da43756f.png	0.9950799
https://dinewithdrinks.com/wp-content/uploads/2023/08/best-dairy-free-dinner-recipes-ws-cover.jpg	0.9968586
https://i.pinimg.com/originals/dd/bf/a9/ddbfa9c3b668847880c345b886ca60f6.png	0.9958511
https://www.thaqafnafsak.com/wp-content/uploads/2020/08/parkas-for-men.jpg	0.9982139
https://pbs.twimg.com/media/Fr_z5k5X0AA5zmo.jpg	0.988865137
https://b2478042.smushcdn.com/2478042/wp-content/uploads/2023/03/194E4826-A1E5-4228-B5E0-931136D396F6.png?lossy=1&strip=1&webp=1	0.9881626
https://blogger.googleusercontent.com/img/b/R29vZ2xl/AVvXsEh1BdNbQL3EcmSDOAQ_WEd6R3do035S9s5to8o8a-lYXeE8aP-oteYYxmmEnaIJflWeJC0Smuhelu_CcdYQkVm8AAXphqVtDzDF-b3YJPJhp1mxVSH6zRLe62F7Rz41yKQZu7kObpsWMe5zRXz33GtlIQhf57CWB1WAkMlqI_yEHRZkqDZ_QnwAhg3LjL4/s1280/Men's haircuts2023.jpg	0.9269987
https://dinewithdrinks.com/wp-content/uploads/2023/07/best-lunch-wrap-recipes-ws-cover.jpg	0.9950421
https://pbs.twimg.com/media/Fpg5udMXEAICTf3.jpg	0.974530339
https://www.belarabyapps.com/wp-content/uploads/2020/01/diy-cardboard-pendant-light.jpg	0.9835336
https://koopertins.com/images/ballfrisuren-anleitung-f-C3-BCr-freundin-machen-e1475232327251.jpg	0.9892427
https://i.pinimg.com/736x/5d/c2/32/5dc2328a74bad534a5530a8e1d856398.jpg	0.987751
https://cdnb.artstation.com/p/marketplace/presentation_assets/003/134/091/large/file.jpg?1698329982	0.9907191
https://imagess.cc/wp-content/uploads/2019/06/12061-2.jpg	0.99601984
https://i.pinimg.com/originals/50/d2/5e/50d25ecfd35919d92d6cd96e6853dc91.jpg	0.9780834
https://cdn.shopify.com/s/files/1/1365/4245/files/0a2032be3d03fef71c1d41572186f42e_medium.jpg?v=1478461598	0.905455351
https://static.smalljoys.me/2018/09/_1418805-collage-650-a542d8629a-1484648390.jpg	0.9844409
https://www.contemporist.com/wp-content/uploads/2018/04/customizable-wood-shelf-bookshelf-300418-1231-02-800x1200.jpg	0.9585213
https://crochetpedia.com/wp-content/uploads/2019/10/Crochet-Marylin-by-Will-C..jpg	0.9876399
https://i.pinimg.com/originals/6b/8b/47/6b8b470ccdb580bc1784dbea8d38a2a1.jpg	0.979124546
https://i.pinimg.com/originals/d3/de/1d/d3de1d8da7abecabb1582b306bab7077.jpg	0.997750759
https://i.pinimg.com/originals/03/e3/cd/03e3cd545502eb7f0971dc8d2766c34e.jpg	0.987288952
https://malikalolom.net/?qa=blob&qa_blobid=12454346162283511123	0.985466
https://t9h.cc/wp-content/uploads/2019/08/2095.jpg	0.9970354
https://cdn.wonderfuldiy.com/wp-content/uploads/2014/05/Ribbon-Rose-00-13.jpg	0.959078
https://i.pinimg.com/736x/22/46/d5/2246d58ad561271df7ddfb6f0b0cca65.jpg	0.9759517
https://www.easyanddelish.com/wp-content/uploads/2017/03/One-Pan-Seafood-in-Pesto-Sauce-PINTEREST-340x510.jpg	0.9899171
http://www.diyncrafts.com/wp-content/uploads/2015/04/plastic-spoon-ladybugs-craft.jpg	0.997897148
https://i.pinimg.com/736x/af/55/0a/af550ad5c091fd366c0d32bdfa6bc7dd.jpg	0.997922659
https://pbs.twimg.com/media/FcWeZlMaMAQhSFf.jpg:large	0.990108848
https://dorar.at/imup2/2020-02/99948.fb_img_1582410804323.jpg	0.9902406
https://img.buzzfeed.com/buzzfeed-static/static/enhanced/webdr05/2013/6/3/22/enhanced-buzz-4689-1370312536-10.jpg	0.993314147
https://burghbrides-wp.s3.amazonaws.com/uploads/2016/09/Fall-Wedding-Inspriation-667x1000.jpg	0.9981735
https://i.pinimg.com/originals/b8/16/56/b8165677196cccd4ca1d6506c3d07377.jpg	0.9810946
https://static-ai.asianetnews.com/images/01hjtrms7q076r74cs83z2eka9/fotojet.jpg	0.992932856
https://maarof.com/wp-content/uploads/2020/11/مصانع-ملابس-رجالي-في-تركيا.jpg	0.988571942
https://www.mystayathomeadventures.com/wp-content/uploads/2023/08/Steps_Black-Bean-Soup-Recipe_.png	0.980634332
https://www.belarabyapps.com/wp-content/uploads/2020/01/vase-from-spoon-craft.jpg	0.980818033
https://www.emasscraft.org/wp-content/uploads/2019/01/2014_diy_backyard_wedding_inspirations_for_country_rustic_wedding_themes_9.jpg	0.997748137
https://thriftynwfamily.com/wp-content/uploads/2019/10/diy-beauty-gift-collage-600x857.jpg	0.986045837
https://i.pinimg.com/originals/95/fe/95/95fe9574f3051bc39633faa36028e885.jpg	0.9037976
https://aestheticwallpapers.io/wallpaper/917804.jpg	0.9311173
https://www.simplyairfryer.com/wp-content/uploads/2023/09/easy-air-fryer-potato-recipes-1-768x1152.jpg	0.9967721
https://i.pinimg.com/originals/3a/29/ec/3a29ecb22bfeb083486ad7ce6346652d.jpg	0.9870845
https://lmld.org/wp-content/uploads/2021/02/game-day-recipes-cropped.jpg	0.9980952
https://realhousemoms.com/wp-content/uploads/2015/10/Soup-veg.jpg	0.99656105
http://2.bp.blogspot.com/-U8vdem4-0jw/UARzCLyxWbI/AAAAAAAAPYs/rbnECI-uqBU/s1600/knot+in+a+long+maxi+dress+fashion+by+he.JPG	0.9927385
https://upload.3dlat.net/uploads/3dlat.com_139420918810.jpg	0.9295163
https://i0.wp.com/www.arabyone.com/wp-content/uploads/2023/01/Almond-flour-uses.jpg?resize=900%2C1350&ssl=1	0.9974545
https://seaofsolace.com/cdn/shop/articles/Bath_Ritual_Aesthetic_1200x1200.png?v=1697226931	0.9941412
https://www.thaqafnafsak.com/wp-content/uploads/2014/04/ألوان-ملابسك-11-.-ثقف-نفسك.jpg	0.993292451
https://i.pinimg.com/736x/26/08/83/26088373232b5ed2197285fe12dc7a72.jpg	0.995283
https://image.winudf.com/v2/image1/Y29tLmRlc2FpbmtvbGFtaWthbm1vZGVyZW4uYWx1bGFyZXN0dV9zY3JlZW5fMTJfMTU0NjA2ODYxNV8wMTE/screen-12.jpg?fakeurl=1&type=.jpg	0.9954516
https://www.happyfacts.co/images/copy/uploads/actus/thumb/1799407ad465e416f5789dea6ed0fa46510619bc.jpg	0.9933595
http://blogs.ubc.ca/phoebeyu/files/2009/05/ombrerunway.jpg	0.956979752
https://blogger.googleusercontent.com/img/b/R29vZ2xl/AVvXsEgqvK1xx4Xp9RYnaYPHSBd4zPcq2OvTMkHTrihnY7LHBRdDEHxMcA2U3GqY9NTwFcCrLtLFKD9_FBpMltalZUrAM93-3_R0tVdCSMOB5gMDK65ZpN0R1_QZbO8RWDG1lr9ZFebZ2maUzTYNW4GWtoe9MrANQuP1qgF0IaiTNDWmls9FpdCKsQKE9Fut/s745/IMG_٢٠٢٣٠٦٠٩_١٨٠٥٣٣.jpg	0.9903533
https://www.fashions-uk.com/wp-content/uploads/2022/07/sustainable-1-1.png	0.994074941
https://mostaql.hsoubcdn.com/uploads/thumbnails/1896156/63dc2d0c5f893/IMG-20230201-WA0021.jpg	0.9967775
